tid1,tid2,weight
7qfur8OfEOABgenV3Wf0JK,15eduSFXnQfnQvcmWHDBPi,1.0
0q3e8Pgy4sgy1dzq5JIWVC,43tVqovviXhkmOV5LOkTn7,1.0
43tVqovviXhkmOV5LOkTn7,2ZPZvMqvT6JuUcm2WIt3Pe,1.0
49fueUd2ik003xurF75RB6,2hEIf6XSRy6b0og01o6ovc,1.0
2hEIf6XSRy6b0og01o6ovc,4gT3mNJA8lnlkYFqGZ8IA2,1.0
4gT3mNJA8lnlkYFqGZ8IA2,2LbL1HaoZrXrCR538uxUjl,1.0
2LbL1HaoZrXrCR538uxUjl,4laPr385Muc7JizVBqH8Zr,1.0
4laPr385Muc7JizVBqH8Zr,7JYrTk7mnJHUNn2WT3Rc0D,1.0
7JYrTk7mnJHUNn2WT3Rc0D,3IZLJpA5FugqynOBT2SeJy,1.0
3IZLJpA5FugqynOBT2SeJy,7Guni9Kv4cxajoglZLzfuN,1.0
7Guni9Kv4cxajoglZLzfuN,11GUoW8GRCK21WDSrUcwnc,1.0
6gTsB6szFZhzDkVYY1JS9q,0Io8vVaZcG4a10urnblF2H,1.0
0Io8vVaZcG4a10urnblF2H,268V0Smf1rkcfKH40eVlHt,1.0
268V0Smf1rkcfKH40eVlHt,0Lti06D5MbTKj394SBlFla,1.0
0Lti06D5MbTKj394SBlFla,3InFcD65QGmnAC5NiFMEG9,1.0
3InFcD65QGmnAC5NiFMEG9,5IIq5uEYpUZoSjTEjqn7q1,1.0
5IIq5uEYpUZoSjTEjqn7q1,4j8NMLIzPyNtGDmVBcz5ER,1.0
4j8NMLIzPyNtGDmVBcz5ER,2VBMkgIQ2cT2uReXjniWsS,1.0
2VBMkgIQ2cT2uReXjniWsS,5X2wla7DcWJMoxfd6OU7WI,1.0
5X2wla7DcWJMoxfd6OU7WI,6BLLIBwjOGQwec6vcXwct3,1.0
5RgriAx2GoIw4OGMH3UY7z,48wH8bAxvBJO2l14GmNLz7,1.0
48wH8bAxvBJO2l14GmNLz7,5RgriAx2GoIw4OGMH3UY7z,1.0
5RgriAx2GoIw4OGMH3UY7z,5IIq5uEYpUZoSjTEjqn7q1,1.0
5IIq5uEYpUZoSjTEjqn7q1,4htrQYWuhYis2w8DqLhpoU,1.0
4htrQYWuhYis2w8DqLhpoU,7HBtUA2lj3ljwCRVYsucmO,1.0
7HBtUA2lj3ljwCRVYsucmO,0jHtHzXJtAbLOMeftlsYTb,1.0
0jHtHzXJtAbLOMeftlsYTb,4rEd7E79dhWtr7lA4sAYX2,1.0
4rEd7E79dhWtr7lA4sAYX2,49fueUd2ik003xurF75RB6,1.0
49fueUd2ik003xurF75RB6,0q3e8Pgy4sgy1dzq5JIWVC,1.0
0q3e8Pgy4sgy1dzq5JIWVC,1HGSEG87jSSNAjUZWTFE1y,1.0
1HGSEG87jSSNAjUZWTFE1y,5CvTu3oU1i3N1W57nt8JOm,1.0
5CvTu3oU1i3N1W57nt8JOm,4gT3mNJA8lnlkYFqGZ8IA2,1.0
4gT3mNJA8lnlkYFqGZ8IA2,0Xcy81PsJCOO6mhLZaQyQ4,1.0
0Xcy81PsJCOO6mhLZaQyQ4,5p7GiBZNL1afJJDUrOA6C8,1.0
5p7GiBZNL1afJJDUrOA6C8,5cyoN7OqTcFyApYheHXQ9Y,1.0
5cyoN7OqTcFyApYheHXQ9Y,1Y2ExJJ9Dmb9po8K0ybSj3,1.0
18rQjB8xZ46yx4ZXbytc18,49fueUd2ik003xurF75RB6,1.0
49fueUd2ik003xurF75RB6,5cfIibuUGxlrdXcNaWmAnQ,1.0
5cfIibuUGxlrdXcNaWmAnQ,1TquBahz02HCaxj8jy5tTo,1.0
1TquBahz02HCaxj8jy5tTo,4ir5WlzsgiP6TEbRtkhCGR,1.0
4ir5WlzsgiP6TEbRtkhCGR,5KaCn0CGbo2Mynq5VSgSya,1.0
5KaCn0CGbo2Mynq5VSgSya,5FHXxdJeq1iAE9PjDTEgyd,1.0
6P6gCmvRjNwXAGTB6LhTdb,17JA4HlieSH7TY3pQk21MJ,1.0
17JA4HlieSH7TY3pQk21MJ,49fueUd2ik003xurF75RB6,1.0
49fueUd2ik003xurF75RB6,040bfxASXZ4RHrb5my05ZT,1.0
040bfxASXZ4RHrb5my05ZT,2q3CORdIL4VD2nZpjvOzKl,1.0
2JEdPACPOWnh9VsnlmCtsl,5adgXHhaKzZlmXojEuKNjl,1.0
5adgXHhaKzZlmXojEuKNjl,49fueUd2ik003xurF75RB6,1.0
49fueUd2ik003xurF75RB6,2iy8dyGv0pCf6C6e23OzyV,1.0
2iy8dyGv0pCf6C6e23OzyV,4mK0JRfaDrdNpYDPV6SFHp,1.0
4mK0JRfaDrdNpYDPV6SFHp,3JeT6Xcv6MlEHHylk8SKQ1,1.0
3JeT6Xcv6MlEHHylk8SKQ1,1l2fOAombrcYiQ4N87P22P,1.0
1l2fOAombrcYiQ4N87P22P,17prKj790SV3s6n5ZoMEyg,1.0
17prKj790SV3s6n5ZoMEyg,2uB9gUU1HLnHckvK2tylJM,1.0
2uB9gUU1HLnHckvK2tylJM,63A66lAc7Kg91xnCfbE4SY,1.0
6gYqtFQqdXsNttPD2ze2kk,522oSSdYJqadyIK80MOOqz,1.0
522oSSdYJqadyIK80MOOqz,4iEOVEULZRvmzYSZY2ViKN,1.0
4iEOVEULZRvmzYSZY2ViKN,4qiuU8X6v2Bimr3lBjS98N,1.0
4qiuU8X6v2Bimr3lBjS98N,1B5BfvGVQ5fPtDN2K8tUdy,1.0
1B5BfvGVQ5fPtDN2K8tUdy,5rY9hTwEjt5pCN5dqY9FJu,1.0
5rY9hTwEjt5pCN5dqY9FJu,5p7GiBZNL1afJJDUrOA6C8,1.0
0q3e8Pgy4sgy1dzq5JIWVC,2dgrYdgguVZKeCsrVb9XEs,1.0
2dgrYdgguVZKeCsrVb9XEs,2gvcy8LxasMzqWqPJVgsmQ,1.0
2gvcy8LxasMzqWqPJVgsmQ,0pi5YiOUYF8fxVMkMbHMsm,1.0
0pi5YiOUYF8fxVMkMbHMsm,15eduSFXnQfnQvcmWHDBPi,1.0
15eduSFXnQfnQvcmWHDBPi,2IUrNMMUn8fJA1KV5sg97p,1.0
2IUrNMMUn8fJA1KV5sg97p,7abPXehMoF3iV4LJddq8ar,1.0
7abPXehMoF3iV4LJddq8ar,7lhkOb0VNnTlshwifCEoSr,1.0
7lhkOb0VNnTlshwifCEoSr,1jQyc3hZdalk3jCIfgTdcn,1.0
1jQyc3hZdalk3jCIfgTdcn,0BSPhsCKfwENstErymcD80,1.0
0BSPhsCKfwENstErymcD80,0sqqAc8vWxgmAhsigJS50b,1.0
23XmBijMpljQqee05QvmTt,3UhwLECceDZeKBr6xhw3fy,1.0
3UhwLECceDZeKBr6xhw3fy,2RXwaxD5vfbNjsu5FPWb46,1.0
2RXwaxD5vfbNjsu5FPWb46,1wImUPvZ4AwcalEK6ZR17b,1.0
1wImUPvZ4AwcalEK6ZR17b,4l6Ni4ym9y3am94yvuKHcY,1.0
4l6Ni4ym9y3am94yvuKHcY,59Lf7JZarHeKndgFleAHJC,1.0
59Lf7JZarHeKndgFleAHJC,1P3eYnB5KiF4S2qZ7iQnOP,1.0
1P3eYnB5KiF4S2qZ7iQnOP,5FHXxdJeq1iAE9PjDTEgyd,1.0
5FHXxdJeq1iAE9PjDTEgyd,6y8CSbkH7Vlq4SwUE9tzqf,1.0
6y8CSbkH7Vlq4SwUE9tzqf,0xv7f0iJxtzLTGO9eDwlbh,1.0
0xv7f0iJxtzLTGO9eDwlbh,5g3TDpgy1J1woAUVuj21EE,1.0
5g3TDpgy1J1woAUVuj21EE,3ToO9EBuxj9gOgA5ZWbzJU,1.0
71D8JaDTJU7JDaZHdL5bL4,49fueUd2ik003xurF75RB6,1.0
49fueUd2ik003xurF75RB6,5p7GiBZNL1afJJDUrOA6C8,1.0
5p7GiBZNL1afJJDUrOA6C8,5SXVHZqF1iFzveLzeamg70,1.0
5SXVHZqF1iFzveLzeamg70,7KwJrAQMoJyUEBes3evMLv,1.0
7KwJrAQMoJyUEBes3evMLv,4vTCp3sD36YIm2PsJ1w5CT,1.0
4vTCp3sD36YIm2PsJ1w5CT,4hSfY4G2SIUlwGViX1ve6J,1.0
4hSfY4G2SIUlwGViX1ve6J,32Kr5OQI0yavpQLNKEskUL,1.0
61sHYSKJSyndNCLtmtRcv3,0GARqhVTsP5GA6q1G3xWph,1.0
0GARqhVTsP5GA6q1G3xWph,6UjeFOCGYgMpBUtqKg1Je3,1.0
6UjeFOCGYgMpBUtqKg1Je3,7JpyVb9xf29fLq2yYfMvl3,1.0
5vw6mb5UUdA3vVQfcFN8yA,53dkS3h9uTNsWYZTPacnpx,1.0
53dkS3h9uTNsWYZTPacnpx,49fueUd2ik003xurF75RB6,1.0
49fueUd2ik003xurF75RB6,1XQhZctQWzkznclbmbE7FQ,1.0
1XQhZctQWzkznclbmbE7FQ,6bYWdnmdsTTKiQWWsQ3ZAB,1.0
6bYWdnmdsTTKiQWWsQ3ZAB,1KFtR58Hn1nQ9fR0DRnC9n,1.0
1KFtR58Hn1nQ9fR0DRnC9n,4htrQYWuhYis2w8DqLhpoU,1.0
4htrQYWuhYis2w8DqLhpoU,5p7GiBZNL1afJJDUrOA6C8,1.0
5p7GiBZNL1afJJDUrOA6C8,5OUTFH5acycdnf8OVo21Gv,1.0
5OUTFH5acycdnf8OVo21Gv,5dcZUsgcMW57ju0A379O7c,1.0
5dcZUsgcMW57ju0A379O7c,2kGMBOPXMtb9gxzVYdplg9,1.0
5oJ6pSfpV5HH9QBeXyNMjJ,5p7GiBZNL1afJJDUrOA6C8,1.0
5p7GiBZNL1afJJDUrOA6C8,4Z9npQ93MrnIkRcTBKwSa3,1.0
4Z9npQ93MrnIkRcTBKwSa3,5GUvXUx0GbyBKO2f8yQxFn,1.0
5GUvXUx0GbyBKO2f8yQxFn,322vI2bPcLJeDxltXD9hzD,1.0
322vI2bPcLJeDxltXD9hzD,1uDrIgjVtFsrrWWctCxoBL,1.0
5nVK2UTeK0vJYePgxOjFPz,2z4JYKZDLlFziglbMBKce0,1.0
2z4JYKZDLlFziglbMBKce0,6MDLO5bi8mGexqSwF9KmpH,1.0
6MDLO5bi8mGexqSwF9KmpH,4isFUxQUxqEGUbwnYIV1se,1.0
4isFUxQUxqEGUbwnYIV1se,6R1qYGx8abmNGz0yPNQQpL,1.0
6R1qYGx8abmNGz0yPNQQpL,5ICdHl6m8XMMZbvAR3fylo,1.0
5ICdHl6m8XMMZbvAR3fylo,7qPdc4CH1GGZaHBImyoZ69,1.0
7qPdc4CH1GGZaHBImyoZ69,5dcZUsgcMW57ju0A379O7c,1.0
7tUUZ74ZhKN8B1IiMREYlO,1tdmrgGO5H0zWRkNqT6UT4,1.0
3Eaj6hXJ8EA0kDD5vELuZ1,6MDLO5bi8mGexqSwF9KmpH,1.0
6MDLO5bi8mGexqSwF9KmpH,5RgriAx2GoIw4OGMH3UY7z,1.0
5RgriAx2GoIw4OGMH3UY7z,4N6exMSMqY4peFgmppsG89,1.0
4N6exMSMqY4peFgmppsG89,18rQjB8xZ46yx4ZXbytc18,1.0
18rQjB8xZ46yx4ZXbytc18,5GUvXUx0GbyBKO2f8yQxFn,1.0
5GUvXUx0GbyBKO2f8yQxFn,1ObnPgxqaii7HaaehgBaYN,1.0
1pGAvZo2axYXAXYiSeYEqY,4qQFwn7DUSL3qV8psue32d,1.0
4qQFwn7DUSL3qV8psue32d,5HGUspDizYWe0Wiu1zrpO9,1.0
5HGUspDizYWe0Wiu1zrpO9,2bXNVNDdYvAXxf5f33WHy7,1.0
2bXNVNDdYvAXxf5f33WHy7,1oSOyE9Ap4PNSpxfirRPDs,1.0
1oSOyE9Ap4PNSpxfirRPDs,6YuuVQrKl7szCoRFwsDnie,1.0
6YuuVQrKl7szCoRFwsDnie,3TZ3MrnTDMGk9dAqlxhI5Y,1.0
3TZ3MrnTDMGk9dAqlxhI5Y,49fueUd2ik003xurF75RB6,1.0
49fueUd2ik003xurF75RB6,7e5SGWf9p2SpzKBjgWlzdq,1.0
7e5SGWf9p2SpzKBjgWlzdq,1gwB979FoRSQhD4HfwlfMD,1.0
1gwB979FoRSQhD4HfwlfMD,7JIbqoUBpb3E9YdnVTvwdO,1.0
7JIbqoUBpb3E9YdnVTvwdO,3ipzZgH1766XXRamVwk1Iw,1.0
3ipzZgH1766XXRamVwk1Iw,58yWJFglBzvZ7Zao70lGtJ,1.0
58yWJFglBzvZ7Zao70lGtJ,1cJnzAIutJrrO8NUGd6347,1.0
1cJnzAIutJrrO8NUGd6347,4xZNRIiWsgKZ51dHDvOfh1,1.0
4xZNRIiWsgKZ51dHDvOfh1,7FAIbXzdXDjOccdMaTxmwz,1.0
7FAIbXzdXDjOccdMaTxmwz,0IabpxMpUV7waD7U4uDIMJ,1.0
0IabpxMpUV7waD7U4uDIMJ,1UGD3lW3tDmgZfAVDh6w7r,1.0
1UGD3lW3tDmgZfAVDh6w7r,0L1tKUzrIkBqFxl5rUqeSn,1.0
0L1tKUzrIkBqFxl5rUqeSn,2O95q589XTVHxlbaCrc3yB,1.0
0q3e8Pgy4sgy1dzq5JIWVC,5p7GiBZNL1afJJDUrOA6C8,1.0
5p7GiBZNL1afJJDUrOA6C8,2Mdx3e6CojhqiR85uubsaj,1.0
2Mdx3e6CojhqiR85uubsaj,5hLTUkTuiGT7Xf3Hpn36h2,1.0
5hLTUkTuiGT7Xf3Hpn36h2,4aNsaULjrRRMUPXP9IcDEa,1.0
4aNsaULjrRRMUPXP9IcDEa,0r1sOGFlp5or50ez2NQr95,1.0
0r1sOGFlp5or50ez2NQr95,43ouKEbDr397DJEd0Oe2ap,1.0
43ouKEbDr397DJEd0Oe2ap,2wsW7FXHByxfP6Qzwf4iaj,1.0
2wsW7FXHByxfP6Qzwf4iaj,2TtfZ8mzvb45VzPvzOatjr,1.0
2TtfZ8mzvb45VzPvzOatjr,6MDLO5bi8mGexqSwF9KmpH,1.0
6MDLO5bi8mGexqSwF9KmpH,0UcRp6HeHiGDXyuzINtd7P,1.0
0UcRp6HeHiGDXyuzINtd7P,4vTCp3sD36YIm2PsJ1w5CT,1.0
4vTCp3sD36YIm2PsJ1w5CT,4YPhn26bIFm2KUkL1VLzQG,1.0
4YPhn26bIFm2KUkL1VLzQG,4YwNf1fLZt9IQhJeHNWfBi,1.0
4z5Wok98ZeXmtjlcajbPmx,7hniD3L7AJUoBpytFpkcDn,1.0
7hniD3L7AJUoBpytFpkcDn,5YpeGkqIZBKCBLIvvG7KsF,1.0
5YpeGkqIZBKCBLIvvG7KsF,03jaD8yizTrRPD4KPB2dZ5,1.0
03jaD8yizTrRPD4KPB2dZ5,2HjukRh8jwoQm3MAuqwpib,1.0
2HjukRh8jwoQm3MAuqwpib,3zKQ7LvEHjW3v1e2MTBxU0,1.0
3zKQ7LvEHjW3v1e2MTBxU0,4q0CeoDsBdFYCDDj3a6Jej,1.0
4q0CeoDsBdFYCDDj3a6Jej,2x5Frs6ts14U4MSLrQQlXg,1.0
2x5Frs6ts14U4MSLrQQlXg,1vIF4ZNaGZvGER6B5OIIQ1,1.0
1vIF4ZNaGZvGER6B5OIIQ1,77iRifbhkJGvGBBRNykUwN,1.0
77iRifbhkJGvGBBRNykUwN,2GRDDzw7TnGRawKSZPnKv2,1.0
2GRDDzw7TnGRawKSZPnKv2,1KHdXgBdPvihVRLO1EM25z,1.0
1KHdXgBdPvihVRLO1EM25z,0siH4BEjWLnRybz0KyXrlw,1.0
1Y63rJLx2KbigqvlXXwRNX,7ux3GagFGzxUtHOpWSQNUS,1.0
7ux3GagFGzxUtHOpWSQNUS,2noZyJJ8acXelnG0Id4raV,1.0
2noZyJJ8acXelnG0Id4raV,0nDyuRDSaYF0Zf9XHpKFsU,1.0
0nDyuRDSaYF0Zf9XHpKFsU,3qT1rUsSg9Qf43YMFwX4vm,1.0
3qT1rUsSg9Qf43YMFwX4vm,7qU7vhCPKhkDiJYGoboISc,1.0
7qU7vhCPKhkDiJYGoboISc,6rtwULJIwFVMSU0g4FY6zf,1.0
6rtwULJIwFVMSU0g4FY6zf,66MpvsWO5O7gy9LjXGFw6I,1.0
66MpvsWO5O7gy9LjXGFw6I,6MDLO5bi8mGexqSwF9KmpH,1.0
6MDLO5bi8mGexqSwF9KmpH,77iRifbhkJGvGBBRNykUwN,1.0
77iRifbhkJGvGBBRNykUwN,6R1qYGx8abmNGz0yPNQQpL,1.0
6R1qYGx8abmNGz0yPNQQpL,6YGVK9xgH2LI4Ghw6gqUxx,1.0
6YGVK9xgH2LI4Ghw6gqUxx,5p7GiBZNL1afJJDUrOA6C8,1.0
18rQjB8xZ46yx4ZXbytc18,6MDLO5bi8mGexqSwF9KmpH,1.0
6MDLO5bi8mGexqSwF9KmpH,4vTCp3sD36YIm2PsJ1w5CT,1.0
4vTCp3sD36YIm2PsJ1w5CT,49fueUd2ik003xurF75RB6,1.0
49fueUd2ik003xurF75RB6,0vBTlZLCQFlPIyUo0YYQDR,1.0
0vBTlZLCQFlPIyUo0YYQDR,1mFHMzbaECWFaPfoePoEYl,1.0
1mT6bWmDk49SpjrZGC96pa,03sEEzFv7vnD54KRwU47Ue,1.0
03sEEzFv7vnD54KRwU47Ue,0p1ZvKFcy7tRv9n6G9MQv1,1.0
0p1ZvKFcy7tRv9n6G9MQv1,1T9Ux4B1Jlb2jcsboQqIBK,1.0
7vFgyZcyz3Db1X4S0RNOEA,4HA4lfsAf9h1loCFZVs40D,1.0
4HA4lfsAf9h1loCFZVs40D,7zli6jp0kEVxIa51A7TCKr,1.0
7zli6jp0kEVxIa51A7TCKr,66UI237YMw6AL6S72FGKND,1.0
66UI237YMw6AL6S72FGKND,5iCdECVcGtR2DMEjPM92yn,1.0
5iCdECVcGtR2DMEjPM92yn,6KX9OBcB9yiCiu4deWRPsh,1.0
6KX9OBcB9yiCiu4deWRPsh,3YpZCyr3OOQsASKaUUzrQ2,1.0
3YpZCyr3OOQsASKaUUzrQ2,7yZTPEXSUqWw7sEYKKDv2N,1.0
7yZTPEXSUqWw7sEYKKDv2N,6so48MMmpvNnVW0SIJMhiP,1.0
6so48MMmpvNnVW0SIJMhiP,242xSYKIw1ZUF1lopmUwyk,1.0
242xSYKIw1ZUF1lopmUwyk,5cZpwmXGzDvBDX9Iv6wXzx,1.0
5cZpwmXGzDvBDX9Iv6wXzx,5p7GiBZNL1afJJDUrOA6C8,1.0
5p7GiBZNL1afJJDUrOA6C8,4gT3mNJA8lnlkYFqGZ8IA2,1.0
4gT3mNJA8lnlkYFqGZ8IA2,1HGSEG87jSSNAjUZWTFE1y,1.0
1HGSEG87jSSNAjUZWTFE1y,0r1sOGFlp5or50ez2NQr95,1.0
0r1sOGFlp5or50ez2NQr95,0IabpxMpUV7waD7U4uDIMJ,1.0
0IabpxMpUV7waD7U4uDIMJ,4HWIwnpTzT2VzVvvo3bYYv,1.0
3n69hLUdIsSa1WlRmjMZlW,6TVF3IDy7LpY0oBQl9RY07,1.0
6TVF3IDy7LpY0oBQl9RY07,0r1sOGFlp5or50ez2NQr95,1.0
0r1sOGFlp5or50ez2NQr95,1tdmrgGO5H0zWRkNqT6UT4,1.0
1tdmrgGO5H0zWRkNqT6UT4,6rtwULJIwFVMSU0g4FY6zf,1.0
6rtwULJIwFVMSU0g4FY6zf,6MDLO5bi8mGexqSwF9KmpH,1.0
6MDLO5bi8mGexqSwF9KmpH,1oMkIvU8YIStqZ3KARcl5I,1.0
1oMkIvU8YIStqZ3KARcl5I,3fQzTeYA61gdP4XN9vK7rb,1.0
3fQzTeYA61gdP4XN9vK7rb,4riDfclV7kPDT9D58FpmHd,1.0
4riDfclV7kPDT9D58FpmHd,0djnjvuq3Lg71aZ3UK61D3,1.0
0djnjvuq3Lg71aZ3UK61D3,1Gcg62WCWynIyjilpHFYTJ,1.0
1Gcg62WCWynIyjilpHFYTJ,6ZF2mJIitGF3XWaHxz8Mjw,1.0
6ZF2mJIitGF3XWaHxz8Mjw,2mR7rBYfObmaGrQWHIBQHv,1.0
2mR7rBYfObmaGrQWHIBQHv,72y9nLgVwQ8RvD04JkZAg5,1.0
72y9nLgVwQ8RvD04JkZAg5,3bFfgKNJokLhXcYYJOsCIq,1.0
1yyoECuzomr8VqgAWnMTPu,5GUvXUx0GbyBKO2f8yQxFn,1.0
5GUvXUx0GbyBKO2f8yQxFn,6R1qYGx8abmNGz0yPNQQpL,1.0
6R1qYGx8abmNGz0yPNQQpL,18rQjB8xZ46yx4ZXbytc18,1.0
6MDLO5bi8mGexqSwF9KmpH,1R6nmC4HUGOGSKU02Wqa0v,1.0
1R6nmC4HUGOGSKU02Wqa0v,6MDLO5bi8mGexqSwF9KmpH,1.0
6MDLO5bi8mGexqSwF9KmpH,1tdmrgGO5H0zWRkNqT6UT4,1.0
1tdmrgGO5H0zWRkNqT6UT4,6rtwULJIwFVMSU0g4FY6zf,1.0
6rtwULJIwFVMSU0g4FY6zf,49fueUd2ik003xurF75RB6,1.0
49fueUd2ik003xurF75RB6,6efkcs2aUBMFKxl0cl2JWQ,1.0
6efkcs2aUBMFKxl0cl2JWQ,5W080sGnxUROqtv6tL5m07,1.0
5W080sGnxUROqtv6tL5m07,1TYdUvbfiNxhUOUULpJYHx,1.0
1TYdUvbfiNxhUOUULpJYHx,0MZuJcPrGNzu3TVxafDMyB,1.0
0MZuJcPrGNzu3TVxafDMyB,01yN7uIWsxLxtNieUZiSF7,1.0
01yN7uIWsxLxtNieUZiSF7,3oYnV0drVKpxvrHiP9shSP,1.0
624w3LZtZ5Ij0N5LxhV5jx,2mR7rBYfObmaGrQWHIBQHv,1.0
2mR7rBYfObmaGrQWHIBQHv,6R1qYGx8abmNGz0yPNQQpL,1.0
6R1qYGx8abmNGz0yPNQQpL,6HDM2OxgzJ28iEhNWq0KQ8,1.0
0sTe65yZkeWA3COxE0lHq4,52eYVUkFTOVozbVFIaFrnV,1.0
1tdmrgGO5H0zWRkNqT6UT4,5ICdHl6m8XMMZbvAR3fylo,1.0
03sEEzFv7vnD54KRwU47Ue,7FXj7qI1rSovFpvVjleUrE,1.0
7FXj7qI1rSovFpvVjleUrE,6rtwULJIwFVMSU0g4FY6zf,1.0
6rtwULJIwFVMSU0g4FY6zf,0SSYId9APdlTyWRwcXPky3,1.0
0SSYId9APdlTyWRwcXPky3,3qT1rUsSg9Qf43YMFwX4vm,1.0
3qT1rUsSg9Qf43YMFwX4vm,36zo4OJWNRgABwaf8QXWoP,1.0
36zo4OJWNRgABwaf8QXWoP,5ICdHl6m8XMMZbvAR3fylo,1.0
5ICdHl6m8XMMZbvAR3fylo,5WQ51za703KiiBqWjF54Nm,1.0
5WQ51za703KiiBqWjF54Nm,7abPXehMoF3iV4LJddq8ar,1.0
2NxIp9jbmsnaIiAExWOEo0,7dDYobgpyZzWdOFdzoOkNp,1.0
7dDYobgpyZzWdOFdzoOkNp,7bp5DfkdK1OAvNJ1U4HfDA,1.0
7bp5DfkdK1OAvNJ1U4HfDA,3ayr466SicYLcMRSCuiOSL,1.0
3ayr466SicYLcMRSCuiOSL,7tx1TUJrT6qxXFXAELqbev,1.0
2IwBYAfqI7e1RRB8iJAW6J,6mBfiNcw9LES1qAaq2HFlS,1.0
6mBfiNcw9LES1qAaq2HFlS,6R1qYGx8abmNGz0yPNQQpL,1.0
6R1qYGx8abmNGz0yPNQQpL,2AuBG5qPspUXiwE02r6nVP,1.0
2AuBG5qPspUXiwE02r6nVP,2OuPR1aeHm3oZcvjarDDow,1.0
2OuPR1aeHm3oZcvjarDDow,3FQCunuHk5y4T1FLnlH3Fb,1.0
3FQCunuHk5y4T1FLnlH3Fb,2ZQSRyJeY3HDJ99w0dFhfg,1.0
5McUWmzhUy41Sbibtvk2Zw,2RXwaxD5vfbNjsu5FPWb46,1.0
2RXwaxD5vfbNjsu5FPWb46,0fDFzVTG8c2fW9EM5f1RHM,1.0
0fDFzVTG8c2fW9EM5f1RHM,7qPdc4CH1GGZaHBImyoZ69,1.0
7qPdc4CH1GGZaHBImyoZ69,25SJaCCPiosugnlY53VhRG,1.0
25SJaCCPiosugnlY53VhRG,1s5wRbjKYS4PwvRiUDGtVt,1.0
1s5wRbjKYS4PwvRiUDGtVt,5VarZFY00sO54HErJ3TPCI,1.0
5VarZFY00sO54HErJ3TPCI,3tTsHrJBgM1tfqE6eFMDQ5,1.0
3tTsHrJBgM1tfqE6eFMDQ5,6rpi77GqamZNoltbZ5ksdi,1.0
6rpi77GqamZNoltbZ5ksdi,7KwJrAQMoJyUEBes3evMLv,1.0
7KwJrAQMoJyUEBes3evMLv,1osYkIYegkLLnPutvItBta,1.0
1osYkIYegkLLnPutvItBta,14q1CWouLEjFT6zu5re8hR,1.0
14q1CWouLEjFT6zu5re8hR,6bwWYNvvCLpE2QfpbfmnXK,1.0
6bwWYNvvCLpE2QfpbfmnXK,1eXlyZrOqe00FBVo7DhRTk,1.0
1eXlyZrOqe00FBVo7DhRTk,3u9AaQ0IiJE8y2xPGuyoi3,1.0
3u9AaQ0IiJE8y2xPGuyoi3,5tQkgG7unCiJxaOFp5yc5O,1.0
5tQkgG7unCiJxaOFp5yc5O,11W3dA4aWB4NsbucZhxa57,1.0
11W3dA4aWB4NsbucZhxa57,71U7k9l1euqfmGMiAddU9O,1.0
71U7k9l1euqfmGMiAddU9O,0NfSMz5gjgVnLUzRHyHLVW,1.0
0NfSMz5gjgVnLUzRHyHLVW,0xzJttTWG2szqdIORse5Sy,1.0
0xzJttTWG2szqdIORse5Sy,4wnQEnWsfIFJu21rxtclv2,1.0
4wnQEnWsfIFJu21rxtclv2,6QuSmqMucDaHvpYncC01dp,1.0
6QuSmqMucDaHvpYncC01dp,6QAAR68b3RU8PHKZ0CTK9D,1.0
6QAAR68b3RU8PHKZ0CTK9D,57QZeBhHRLiWhIpjHvKtND,1.0
57QZeBhHRLiWhIpjHvKtND,7u9wHuTweZBIlEGS1FizDj,1.0
7u9wHuTweZBIlEGS1FizDj,7bp5DfkdK1OAvNJ1U4HfDA,1.0
383kL0qjp5qFa09J2ekjr2,01yN7uIWsxLxtNieUZiSF7,1.0
01yN7uIWsxLxtNieUZiSF7,49fueUd2ik003xurF75RB6,1.0
49fueUd2ik003xurF75RB6,1MJ5f5EYBC92ADD6xcz7nb,1.0
1MJ5f5EYBC92ADD6xcz7nb,2prHMFvkekTqqFdB5r6QJJ,1.0
2prHMFvkekTqqFdB5r6QJJ,4gT3mNJA8lnlkYFqGZ8IA2,1.0
4gT3mNJA8lnlkYFqGZ8IA2,0pasRfUCkzF2RrxrljlhsT,1.0
0pasRfUCkzF2RrxrljlhsT,0725YWm6Z0TpZ6wrNk64Eb,1.0
0725YWm6Z0TpZ6wrNk64Eb,1wMRm72vhW96O6uPkXkMQT,1.0
7c4IqcJa708fobIQP8le7k,5kBz4b9aGKx4kLeEEbKsmC,1.0
0q3e8Pgy4sgy1dzq5JIWVC,0BSPhsCKfwENstErymcD80,1.0
0BSPhsCKfwENstErymcD80,6w9zex3lLDwzmvu12LDpJw,1.0
6w9zex3lLDwzmvu12LDpJw,1ora7jNRx7tv7yjANfGu1u,1.0
1ora7jNRx7tv7yjANfGu1u,73J9c2eypnv5b78aIEo6Qz,1.0
73J9c2eypnv5b78aIEo6Qz,4l6Ni4ym9y3am94yvuKHcY,1.0
4l6Ni4ym9y3am94yvuKHcY,7pv80uUHfocFqfTytu1MVi,1.0
7pv80uUHfocFqfTytu1MVi,4riDQqc9PHQcztTt7FPxov,1.0
2rkQoNHHSSeMF2S2Gmd3yw,6AFnFGgvF0uneX5Nd6dNOk,1.0
6AFnFGgvF0uneX5Nd6dNOk,4XTapkMqPyPXi9nkWEggSj,1.0
3rgDLgtdQ7p3ZMgXZuhHdX,5rgoXdqJ2kHbnIkJY53BTg,1.0
5rgoXdqJ2kHbnIkJY53BTg,6q0lrF6DdRjXohjaWOhBv8,1.0
6q0lrF6DdRjXohjaWOhBv8,0F4JfiP9oNpX5s7u6jOs72,1.0
0F4JfiP9oNpX5s7u6jOs72,3xOzP2Aa1BHjK0WxSNqyig,1.0
3xOzP2Aa1BHjK0WxSNqyig,2NEby4MW3jZHQ2sO1BI6vI,1.0
2NEby4MW3jZHQ2sO1BI6vI,3bR58OxtViGfRERW0NQTQv,1.0
3bR58OxtViGfRERW0NQTQv,7LgNXYTZrKhEeVpH4iRUNw,1.0
7LgNXYTZrKhEeVpH4iRUNw,23BC08XRevVsQ9o8k4YetF,1.0
23BC08XRevVsQ9o8k4YetF,4xgmC7eZpyCSQd6adoYJgQ,1.0
4xgmC7eZpyCSQd6adoYJgQ,1nkQrxgHpwtdf2uEMFn1uB,1.0
21C4JQHzLXfZFqlkrZUAPC,4f5NKmthdsVTqDie2tp6Kj,1.0
4f5NKmthdsVTqDie2tp6Kj,2RXwaxD5vfbNjsu5FPWb46,1.0
4l6Ni4ym9y3am94yvuKHcY,2RxfVCY2Wz34sNp3lD3PEh,1.0
2RxfVCY2Wz34sNp3lD3PEh,1osYkIYegkLLnPutvItBta,1.0
1osYkIYegkLLnPutvItBta,2JmFRXaJrkAUD2cs6U20KG,1.0
0HAHp6TRszqzXnZx5SMQIo,2W52EYOY4jbGgQPSdhBQau,1.0
2W52EYOY4jbGgQPSdhBQau,0ryUcfZ9p8qMUzYXXAnYLf,1.0
0ryUcfZ9p8qMUzYXXAnYLf,5rgoXdqJ2kHbnIkJY53BTg,1.0
5rgoXdqJ2kHbnIkJY53BTg,2GxGHdkQCorcHjOHFfIrZa,1.0
2GxGHdkQCorcHjOHFfIrZa,7pv80uUHfocFqfTytu1MVi,1.0
7pv80uUHfocFqfTytu1MVi,4riDQqc9PHQcztTt7FPxov,1.0
4riDQqc9PHQcztTt7FPxov,3mBAeX86IDfnm4ZgRpO5Ap,1.0
2zk7TQx9Xa4yxYmsjgDCPp,3kAanyOEw5Ee4zwxqG2scM,1.0
3kAanyOEw5Ee4zwxqG2scM,0S4YysfsVExB7oX0tairoB,1.0
0S4YysfsVExB7oX0tairoB,6p55IyL3J4at7aXW0vnTBs,1.0
6p55IyL3J4at7aXW0vnTBs,4teLlXfrxBgtHXhbJ1u523,1.0
4teLlXfrxBgtHXhbJ1u523,60NwuLLD9fpWZcDIfjv1NS,1.0
2JL5OInj6ETNZe19D4066P,3QbxssGJGFOvHEk6t6l3x7,1.0
71lyUtIPCMAYjTwwwxy2jW,70We9AqHenA4jcmXmKzJnZ,1.0
70We9AqHenA4jcmXmKzJnZ,5EKg3cx2v8v48dqlKp6GjO,1.0
5EKg3cx2v8v48dqlKp6GjO,33pDmPx2pkJ7JCAQpRDQ9B,1.0
7whZvq9HRLK28XSDxpr1GR,2RxfVCY2Wz34sNp3lD3PEh,1.0
2RxfVCY2Wz34sNp3lD3PEh,43wNrzFHDA2tdz0kSQpkwJ,1.0
43wNrzFHDA2tdz0kSQpkwJ,6wbDqobV3CSsfX8jKB9KrF,1.0
6wbDqobV3CSsfX8jKB9KrF,4Z9npQ93MrnIkRcTBKwSa3,1.0
4b2rTEG9vXwNYikfSDUdsP,1wSLX9nWj4EsvWwv4275HR,1.0
1wSLX9nWj4EsvWwv4275HR,7wZIqkXJOFzhr49aWNpsTw,1.0
7wZIqkXJOFzhr49aWNpsTw,0L69GfeRq90IeRGwRXQH6g,1.0
0L69GfeRq90IeRGwRXQH6g,3jqg8gLVlGau6SyespptqN,1.0
3jqg8gLVlGau6SyespptqN,65SKbD0vQuoiXoijqQ9lii,1.0
65SKbD0vQuoiXoijqQ9lii,5dcZUsgcMW57ju0A379O7c,1.0
5dcZUsgcMW57ju0A379O7c,3I0FBDc1c1BLNtXWKVjmFg,1.0
3I0FBDc1c1BLNtXWKVjmFg,6ncNLU982iaD9WFb2gTwKd,1.0
6ncNLU982iaD9WFb2gTwKd,7sr74Bz3GBTNMQe1m4F5Ut,1.0
7sr74Bz3GBTNMQe1m4F5Ut,1R6nmC4HUGOGSKU02Wqa0v,1.0
1R6nmC4HUGOGSKU02Wqa0v,4iZ4YAJ9VDaxO4fcX9aMrz,1.0
0q3e8Pgy4sgy1dzq5JIWVC,5p7GiBZNL1afJJDUrOA6C8,1.0
5p7GiBZNL1afJJDUrOA6C8,4htrQYWuhYis2w8DqLhpoU,1.0
4htrQYWuhYis2w8DqLhpoU,6gTsB6szFZhzDkVYY1JS9q,1.0
1xnZssHiiOxlQRYRgpGD1N,2mR7rBYfObmaGrQWHIBQHv,1.0
2mR7rBYfObmaGrQWHIBQHv,2JEdPACPOWnh9VsnlmCtsl,1.0
2JEdPACPOWnh9VsnlmCtsl,0ryUcfZ9p8qMUzYXXAnYLf,1.0
0ryUcfZ9p8qMUzYXXAnYLf,2ZPZvMqvT6JuUcm2WIt3Pe,1.0
2ZPZvMqvT6JuUcm2WIt3Pe,228nYWqXzsBS9Ha0SIpM7q,1.0
228nYWqXzsBS9Ha0SIpM7q,01AJvnKOeHtFe9stZ7AGfm,1.0
01AJvnKOeHtFe9stZ7AGfm,62suFAl52G1rWzQnkvoIok,1.0
1Y63rJLx2KbigqvlXXwRNX,1YnhmaHKpNEroXiGqc3BLT,1.0
1YnhmaHKpNEroXiGqc3BLT,5cpB6MXX1RmdVHnTLcKtHC,1.0
5cpB6MXX1RmdVHnTLcKtHC,2VBMkgIQ2cT2uReXjniWsS,1.0
2VBMkgIQ2cT2uReXjniWsS,0TACyW6ygrDnma7UVOL4Nn,1.0
0TACyW6ygrDnma7UVOL4Nn,3I8yVFjvJoOBM9tX4ZpxEL,1.0
3I8yVFjvJoOBM9tX4ZpxEL,0f4g2DEM4CKzyOGCWKRMmL,1.0
0f4g2DEM4CKzyOGCWKRMmL,1P3eYnB5KiF4S2qZ7iQnOP,1.0
1P3eYnB5KiF4S2qZ7iQnOP,2rkQoNHHSSeMF2S2Gmd3yw,1.0
2rkQoNHHSSeMF2S2Gmd3yw,295X1Unp68kEphhkqdmibY,1.0
295X1Unp68kEphhkqdmibY,3InFcD65QGmnAC5NiFMEG9,1.0
3InFcD65QGmnAC5NiFMEG9,2mR7rBYfObmaGrQWHIBQHv,1.0
2mR7rBYfObmaGrQWHIBQHv,0yZYzvcDYJBwSvXCBOCXwX,1.0
0yZYzvcDYJBwSvXCBOCXwX,6ncNLU982iaD9WFb2gTwKd,1.0
6ncNLU982iaD9WFb2gTwKd,0AFLmw7dnTeg6iNSjY9Qyi,1.0
0AFLmw7dnTeg6iNSjY9Qyi,5iDz8YQok0VO7Gxp8Pmq41,1.0
5iDz8YQok0VO7Gxp8Pmq41,5RgriAx2GoIw4OGMH3UY7z,1.0
5RgriAx2GoIw4OGMH3UY7z,624w3LZtZ5Ij0N5LxhV5jx,1.0
624w3LZtZ5Ij0N5LxhV5jx,5rgoXdqJ2kHbnIkJY53BTg,1.0
4lHN90buToyId0wJsdl7ij,5EKg3cx2v8v48dqlKp6GjO,1.0
5EKg3cx2v8v48dqlKp6GjO,2JL5OInj6ETNZe19D4066P,1.0
2JL5OInj6ETNZe19D4066P,6ncNLU982iaD9WFb2gTwKd,1.0
6ncNLU982iaD9WFb2gTwKd,7pAwFD2HMqGxTnDq8ujxMZ,1.0
5rgoXdqJ2kHbnIkJY53BTg,2W52EYOY4jbGgQPSdhBQau,1.0
2W52EYOY4jbGgQPSdhBQau,3kAanyOEw5Ee4zwxqG2scM,1.0
3kAanyOEw5Ee4zwxqG2scM,2GxGHdkQCorcHjOHFfIrZa,1.0
2GxGHdkQCorcHjOHFfIrZa,6R1qYGx8abmNGz0yPNQQpL,1.0
6R1qYGx8abmNGz0yPNQQpL,6MDLO5bi8mGexqSwF9KmpH,1.0
6MDLO5bi8mGexqSwF9KmpH,0q3e8Pgy4sgy1dzq5JIWVC,1.0
0q3e8Pgy4sgy1dzq5JIWVC,49fueUd2ik003xurF75RB6,1.0
49fueUd2ik003xurF75RB6,3qT1rUsSg9Qf43YMFwX4vm,1.0
1N9WgSJAca6uaXFHTktS97,5EKg3cx2v8v48dqlKp6GjO,1.0
5EKg3cx2v8v48dqlKp6GjO,52eYVUkFTOVozbVFIaFrnV,1.0
52eYVUkFTOVozbVFIaFrnV,3kAanyOEw5Ee4zwxqG2scM,1.0
3kAanyOEw5Ee4zwxqG2scM,6ncNLU982iaD9WFb2gTwKd,1.0
6ncNLU982iaD9WFb2gTwKd,2JL5OInj6ETNZe19D4066P,1.0
2JL5OInj6ETNZe19D4066P,5ZGN5X1sh3r7W4M3HNcRbt,1.0
5ZGN5X1sh3r7W4M3HNcRbt,2W52EYOY4jbGgQPSdhBQau,1.0
5rgoXdqJ2kHbnIkJY53BTg,5dhYmSVGhAVVSf5uTwj7hv,1.0
5dhYmSVGhAVVSf5uTwj7hv,7pAwFD2HMqGxTnDq8ujxMZ,1.0
7pv80uUHfocFqfTytu1MVi,3qYPOrHBEwBwkfDI6taDRG,1.0
3qYPOrHBEwBwkfDI6taDRG,1mT6bWmDk49SpjrZGC96pa,1.0
1mT6bWmDk49SpjrZGC96pa,5Zo1aVDw6qLTQef5q2cJO1,1.0
6yvUcyZjT9dcmCwrjlh4T8,64HuyPl1Nkl2aDPLrADL3K,1.0
64HuyPl1Nkl2aDPLrADL3K,1giYJQMmdnoLRLln48Umxj,1.0
1giYJQMmdnoLRLln48Umxj,6x5McRbMI9YHEHjyrDU9Gv,1.0
7ux3GagFGzxUtHOpWSQNUS,2JmFRXaJrkAUD2cs6U20KG,1.0
2JmFRXaJrkAUD2cs6U20KG,7abPXehMoF3iV4LJddq8ar,1.0
7abPXehMoF3iV4LJddq8ar,1UbIqeYWepeKoIt399UUTI,1.0
1UbIqeYWepeKoIt399UUTI,7J4tdzGmAxpSf1kmSoTkRa,1.0
7J4tdzGmAxpSf1kmSoTkRa,3tg4YRULeUmUfMzwbvdBl7,1.0
3tg4YRULeUmUfMzwbvdBl7,49fueUd2ik003xurF75RB6,1.0
49fueUd2ik003xurF75RB6,1HGSEG87jSSNAjUZWTFE1y,1.0
1HGSEG87jSSNAjUZWTFE1y,4Op8XWKd7KCmiWTAH1nsNF,1.0
6zSwnPvoqQ2bzvYMlt3u4u,20JilESvlybuZ3zYdMjtWb,1.0
20JilESvlybuZ3zYdMjtWb,5ZGN5X1sh3r7W4M3HNcRbt,1.0
5ZGN5X1sh3r7W4M3HNcRbt,5EKg3cx2v8v48dqlKp6GjO,1.0
5EKg3cx2v8v48dqlKp6GjO,3kAanyOEw5Ee4zwxqG2scM,1.0
3kAanyOEw5Ee4zwxqG2scM,6ncNLU982iaD9WFb2gTwKd,1.0
6ncNLU982iaD9WFb2gTwKd,0AFLmw7dnTeg6iNSjY9Qyi,1.0
0AFLmw7dnTeg6iNSjY9Qyi,7pAwFD2HMqGxTnDq8ujxMZ,1.0
7pAwFD2HMqGxTnDq8ujxMZ,2GxGHdkQCorcHjOHFfIrZa,1.0
7bp5DfkdK1OAvNJ1U4HfDA,6R1qYGx8abmNGz0yPNQQpL,1.0
6R1qYGx8abmNGz0yPNQQpL,18rQjB8xZ46yx4ZXbytc18,1.0
18rQjB8xZ46yx4ZXbytc18,11gfOUFtnHemJ06cUCAifs,1.0
11gfOUFtnHemJ06cUCAifs,4vYwwX7cKQVpO2nKhO5wFb,1.0
4vYwwX7cKQVpO2nKhO5wFb,3Mz4AoWIedMfzCib1LYwMZ,1.0
3Mz4AoWIedMfzCib1LYwMZ,0q3e8Pgy4sgy1dzq5JIWVC,1.0
4htrQYWuhYis2w8DqLhpoU,48wH8bAxvBJO2l14GmNLz7,1.0
48wH8bAxvBJO2l14GmNLz7,5xNjB1NBYIp8tqbaqBpFz5,1.0
5xNjB1NBYIp8tqbaqBpFz5,7wcCTrqmu3Hxzq0NzY4EBU,1.0
7wcCTrqmu3Hxzq0NzY4EBU,5dr8yLyIodcHbyUDtCZC9D,1.0
5dr8yLyIodcHbyUDtCZC9D,02bQjO84bpaGn4zlnlebWK,1.0
02bQjO84bpaGn4zlnlebWK,10vK4eeQsSyvrwtpZ5kBxc,1.0
10vK4eeQsSyvrwtpZ5kBxc,3t6nSGHd43N2ixrq7Sqopx,1.0
2QVJSLrp77jDwjrE0RtOPC,3kAanyOEw5Ee4zwxqG2scM,1.0
3kAanyOEw5Ee4zwxqG2scM,7wMF1q8o1ETedbE0eIdzz3,1.0
7wMF1q8o1ETedbE0eIdzz3,6CTG85NJI1Wm60pxTSRNwL,1.0
6CTG85NJI1Wm60pxTSRNwL,63A66lAc7Kg91xnCfbE4SY,1.0
63A66lAc7Kg91xnCfbE4SY,1Z61bowxub7hcwoIFTJoCr,1.0
1Z61bowxub7hcwoIFTJoCr,1EgP6eOd0BdRQ9qYWwdjPu,1.0
1EgP6eOd0BdRQ9qYWwdjPu,01AJvnKOeHtFe9stZ7AGfm,1.0
5ENONIeczKgWYF7xuhDhuK,6ncNLU982iaD9WFb2gTwKd,1.0
6ncNLU982iaD9WFb2gTwKd,2W52EYOY4jbGgQPSdhBQau,1.0
2W52EYOY4jbGgQPSdhBQau,07ahbydCmD0CLoN2zIx8bR,1.0
07ahbydCmD0CLoN2zIx8bR,3kAanyOEw5Ee4zwxqG2scM,1.0
3kAanyOEw5Ee4zwxqG2scM,5LBTCF3vZCfWmK0gNdj1TC,1.0
5LBTCF3vZCfWmK0gNdj1TC,6bYWdnmdsTTKiQWWsQ3ZAB,1.0
6bYWdnmdsTTKiQWWsQ3ZAB,2Ibkt6APuiKEiVD3wvlQJm,1.0
2Ibkt6APuiKEiVD3wvlQJm,0x3NcHCHAfv88NPaggax0h,1.0
0x3NcHCHAfv88NPaggax0h,0u5feJGyS5AvLR2Mo2dG4F,1.0
0u5feJGyS5AvLR2Mo2dG4F,2OJCEICqJJJ68W0fXtIfKV,1.0
2OJCEICqJJJ68W0fXtIfKV,5XiLyRyqmp2CcBZJoVPPnh,1.0
2S18yMOqDyuUZiHcauJr1u,0DQ3jEitauhrOVuLY1CBFM,1.0
3xeVjQBnKbp9vDlLpWk6nb,6vuIHcihoU6oPvV585zoJY,1.0
6vuIHcihoU6oPvV585zoJY,2dKprl3zL6otXfw6arZSXE,1.0
2dKprl3zL6otXfw6arZSXE,0lgmBKxmBYmsi2OyGnG9E4,1.0
0lgmBKxmBYmsi2OyGnG9E4,52c78QBR1VngL8gZpOTJhU,1.0
52c78QBR1VngL8gZpOTJhU,2UbNvvm4MwrgAR43GhNABC,1.0
2UbNvvm4MwrgAR43GhNABC,7wEGeUzpPNnHKfOtSgYjG4,1.0
7wEGeUzpPNnHKfOtSgYjG4,3rwB9tWviIwsB7BtIuw3mG,1.0
3rwB9tWviIwsB7BtIuw3mG,1HfxvQqTm3T3FfMH5otcMg,1.0
1HfxvQqTm3T3FfMH5otcMg,0FheHDhPfRUuArIILTmGmk,1.0
0FheHDhPfRUuArIILTmGmk,6O4zEx1kzm32mXlUIOthSw,1.0
6O4zEx1kzm32mXlUIOthSw,3feSwo9dMR0sbvdPU02xbh,1.0
3feSwo9dMR0sbvdPU02xbh,0Mm52YAVJcZSnpsN1YJwqu,1.0
0Mm52YAVJcZSnpsN1YJwqu,428Pr1wkAglLvbIlYTvlGt,1.0
4yFNFUaXcS8jHhMWp33fVA,7bp5DfkdK1OAvNJ1U4HfDA,1.0
7bp5DfkdK1OAvNJ1U4HfDA,3kAanyOEw5Ee4zwxqG2scM,1.0
3kAanyOEw5Ee4zwxqG2scM,7bp5DfkdK1OAvNJ1U4HfDA,1.0
7bp5DfkdK1OAvNJ1U4HfDA,6rtwULJIwFVMSU0g4FY6zf,1.0
6rtwULJIwFVMSU0g4FY6zf,7ux3GagFGzxUtHOpWSQNUS,1.0
7dWKEpQvhLoMbydgwhFDed,7gYtzSmzGgpO0WygzfJroD,1.0
40WXqoyOLAAugGmJWZU1FY,2RxfVCY2Wz34sNp3lD3PEh,1.0
2RxfVCY2Wz34sNp3lD3PEh,7bp5DfkdK1OAvNJ1U4HfDA,1.0
7bp5DfkdK1OAvNJ1U4HfDA,2opIZfnWRf4r3ijGU9OfIR,1.0
2opIZfnWRf4r3ijGU9OfIR,17JA4HlieSH7TY3pQk21MJ,1.0
2CGn4ZSLesLCyKVgeRGvb1,1HfxvQqTm3T3FfMH5otcMg,1.0
4Y0Lpgb5pt4o18fkFh2mVk,0jHtHzXJtAbLOMeftlsYTb,1.0
0jHtHzXJtAbLOMeftlsYTb,4MHohgE9X88aWGZ5l9eZYI,1.0
4MHohgE9X88aWGZ5l9eZYI,5PzI6dj2toTCnNU3XAVUEa,1.0
5PzI6dj2toTCnNU3XAVUEa,54RowlPjsfekmC7juxEIYY,1.0
5ZGN5X1sh3r7W4M3HNcRbt,0FheHDhPfRUuArIILTmGmk,1.0
0FheHDhPfRUuArIILTmGmk,5oJ6pSfpV5HH9QBeXyNMjJ,1.0
5oJ6pSfpV5HH9QBeXyNMjJ,5QhyNC31bBinP1lcfNyyuK,1.0
5QhyNC31bBinP1lcfNyyuK,3Aujaf3ytJLE1U7mAGi9P9,1.0
3Aujaf3ytJLE1U7mAGi9P9,5oJiBUOfs46P2Dm0S1KQie,1.0
5oJiBUOfs46P2Dm0S1KQie,7sr74Bz3GBTNMQe1m4F5Ut,1.0
7sr74Bz3GBTNMQe1m4F5Ut,7bIXxtS6oLDBNzrQpqHS62,1.0
4uNsqdEMrhCWM4SjOIZyru,1jQyc3hZdalk3jCIfgTdcn,1.0
0CjJqkWOpIUXdem5hUcxAk,300DUx4tdtCdGEUXR032jA,1.0
300DUx4tdtCdGEUXR032jA,4JvBHC2Hv2DgJjIUdHtQag,1.0
4JvBHC2Hv2DgJjIUdHtQag,15ZK7jqd5QxlR31v9tJgWs,1.0
15ZK7jqd5QxlR31v9tJgWs,6ncNLU982iaD9WFb2gTwKd,1.0
1qtjEJGrStf2OtAjCDyJmm,2VBMkgIQ2cT2uReXjniWsS,1.0
2VBMkgIQ2cT2uReXjniWsS,0lgmBKxmBYmsi2OyGnG9E4,1.0
0lgmBKxmBYmsi2OyGnG9E4,3KK9aN5cmoauuHEOSOHZYk,1.0
3KK9aN5cmoauuHEOSOHZYk,2BuBXn15gj4MNYZydyWgrk,1.0
2BuBXn15gj4MNYZydyWgrk,5fLfzMQ6T583mnUke8622M,1.0
5fLfzMQ6T583mnUke8622M,1jDIC1iM2sKteWL1OBlcEA,1.0
1jDIC1iM2sKteWL1OBlcEA,1zS4PMsHfkSXPkzrEkCkC6,1.0
1zS4PMsHfkSXPkzrEkCkC6,5HWe3SQt84D5jBbFQP73Dx,1.0
5HWe3SQt84D5jBbFQP73Dx,6APg5e80LNNFKyAObZCntq,1.0
6A77hHt5ZlRNkvQr7kCTxX,2JEdPACPOWnh9VsnlmCtsl,1.0
2JEdPACPOWnh9VsnlmCtsl,7hsulgRNgbyczeAg8tChCB,1.0
7hsulgRNgbyczeAg8tChCB,7ujucw8kFBPIy9mz7DlmAq,1.0
7ujucw8kFBPIy9mz7DlmAq,3DiCcOpGyqBzd2MDoUnD6K,1.0
3DiCcOpGyqBzd2MDoUnD6K,52eYVUkFTOVozbVFIaFrnV,1.0
52eYVUkFTOVozbVFIaFrnV,7pda6TLAbVGxUjIUtbiNt0,1.0
7pda6TLAbVGxUjIUtbiNt0,2UOYzhusMTypF7oAQwksCj,1.0
2UOYzhusMTypF7oAQwksCj,3HgA5R5alihocnOYE9ihpS,1.0
3HgA5R5alihocnOYE9ihpS,5nVK2UTeK0vJYePgxOjFPz,1.0
5nVK2UTeK0vJYePgxOjFPz,4mK0JRfaDrdNpYDPV6SFHp,1.0
4mK0JRfaDrdNpYDPV6SFHp,1mmeFNd0C1DIWc2shOO7Ht,1.0
1mmeFNd0C1DIWc2shOO7Ht,22wbKQo6jH06dmvaxNp9xH,1.0
22wbKQo6jH06dmvaxNp9xH,4COMWozkXKYV3K04eznjwQ,1.0
6i6cWTCYBOKEdJnWjzm2yk,1qtjEJGrStf2OtAjCDyJmm,1.0
1qtjEJGrStf2OtAjCDyJmm,42w2krVjv84O8clFzoIR91,1.0
42w2krVjv84O8clFzoIR91,3SF18NZ8KPmzj0SrfMiDON,1.0
3SF18NZ8KPmzj0SrfMiDON,0FheHDhPfRUuArIILTmGmk,1.0
0FheHDhPfRUuArIILTmGmk,3kAanyOEw5Ee4zwxqG2scM,1.0
5ZGN5X1sh3r7W4M3HNcRbt,2JmFRXaJrkAUD2cs6U20KG,1.0
2JmFRXaJrkAUD2cs6U20KG,6O4zEx1kzm32mXlUIOthSw,1.0
6O4zEx1kzm32mXlUIOthSw,3feSwo9dMR0sbvdPU02xbh,1.0
3feSwo9dMR0sbvdPU02xbh,7pAwFD2HMqGxTnDq8ujxMZ,1.0
7pAwFD2HMqGxTnDq8ujxMZ,2GxGHdkQCorcHjOHFfIrZa,1.0
3pUMsLZIy50bhHOR8K8EKG,4l6Ni4ym9y3am94yvuKHcY,1.0
4l6Ni4ym9y3am94yvuKHcY,4XTapkMqPyPXi9nkWEggSj,1.0
4XTapkMqPyPXi9nkWEggSj,73J9c2eypnv5b78aIEo6Qz,1.0
2rkQoNHHSSeMF2S2Gmd3yw,7pv80uUHfocFqfTytu1MVi,1.0
7pv80uUHfocFqfTytu1MVi,3rgDLgtdQ7p3ZMgXZuhHdX,1.0
5rgoXdqJ2kHbnIkJY53BTg,20uzp1tAHf9LeA76teF9QB,1.0
6em5UF32ahwLxtW1DxIQnf,4zwHUFfiBp8qLlSfh4POmu,1.0
4zwHUFfiBp8qLlSfh4POmu,1HfxvQqTm3T3FfMH5otcMg,1.0
1HfxvQqTm3T3FfMH5otcMg,0sxnHAUPHTFAqRLTLuVoTz,1.0
0sxnHAUPHTFAqRLTLuVoTz,5QmcWnNY4S0uHKLkviUk4I,1.0
5QmcWnNY4S0uHKLkviUk4I,2sNhYJ2ggd9BadlTXU3Mah,1.0
2sNhYJ2ggd9BadlTXU3Mah,33UusuP8H9JhnTfUD4JeKf,1.0
33UusuP8H9JhnTfUD4JeKf,5Wn4rYs6sgA9QWFDUrRWnN,1.0
5Wn4rYs6sgA9QWFDUrRWnN,1fpxCUP7uteDNxDD3bzCvO,1.0
1fpxCUP7uteDNxDD3bzCvO,71lzpgEi3NOmzwlU2qM1Xt,1.0
71lzpgEi3NOmzwlU2qM1Xt,43ile6cBzr9uaC4bJf6J3N,1.0
43ile6cBzr9uaC4bJf6J3N,4usVYcPlxRgRet6YashdCJ,1.0
3rkAqA4V0niRSLaDd65rQD,7pAwFD2HMqGxTnDq8ujxMZ,1.0
4D6NCHhNGGlqpt1TMKSZgr,0pi5YiOUYF8fxVMkMbHMsm,1.0
5ZGN5X1sh3r7W4M3HNcRbt,38RCbHtuJ44NvBHQeV65qJ,1.0
38RCbHtuJ44NvBHQeV65qJ,2qw0CnJi9NXfsVaUJZ7Tq8,1.0
2qw0CnJi9NXfsVaUJZ7Tq8,6nAuitReGgzuoxigAib17w,1.0
60NwuLLD9fpWZcDIfjv1NS,2GPKo5nrX2uwB8eSCebIIk,1.0
2GPKo5nrX2uwB8eSCebIIk,4kVmLlBnLcfXIZIIhq3VUq,1.0
4kVmLlBnLcfXIZIIhq3VUq,2wsW7FXHByxfP6Qzwf4iaj,1.0
2wsW7FXHByxfP6Qzwf4iaj,5hYEaLnayI7QbBV9vXyu5Y,1.0
5hYEaLnayI7QbBV9vXyu5Y,2TcWNtN8aiBHAS4DWVvpPb,1.0
77iRifbhkJGvGBBRNykUwN,6nAuitReGgzuoxigAib17w,1.0
6nAuitReGgzuoxigAib17w,5WQ51za703KiiBqWjF54Nm,1.0
5WQ51za703KiiBqWjF54Nm,6O4zEx1kzm32mXlUIOthSw,1.0
6NghCICdlPWjiJt7Pp1Sxx,1HfxvQqTm3T3FfMH5otcMg,1.0
1HfxvQqTm3T3FfMH5otcMg,1qtjEJGrStf2OtAjCDyJmm,1.0
1qtjEJGrStf2OtAjCDyJmm,3TfIVyEPDyae0gOdNOvj28,1.0
3TfIVyEPDyae0gOdNOvj28,36zo4OJWNRgABwaf8QXWoP,1.0
36zo4OJWNRgABwaf8QXWoP,3Eaj6hXJ8EA0kDD5vELuZ1,1.0
0DJBgBiYeSn6n1AXAkFVE8,1KklnP5Q1HPNPJvnnTENzM,1.0
1KklnP5Q1HPNPJvnnTENzM,2JmFRXaJrkAUD2cs6U20KG,1.0
5rgoXdqJ2kHbnIkJY53BTg,5p7GiBZNL1afJJDUrOA6C8,1.0
5p7GiBZNL1afJJDUrOA6C8,49fueUd2ik003xurF75RB6,1.0
49fueUd2ik003xurF75RB6,6vB49BJ70zBpDrrAPwdaB8,1.0
61YN7u0K8owDCdSqyGS45k,6MDLO5bi8mGexqSwF9KmpH,1.0
2wsW7FXHByxfP6Qzwf4iaj,18LE5EslSQkAlj3GeNM8SL,1.0
18LE5EslSQkAlj3GeNM8SL,2mR7rBYfObmaGrQWHIBQHv,1.0
2mR7rBYfObmaGrQWHIBQHv,295X1Unp68kEphhkqdmibY,1.0
295X1Unp68kEphhkqdmibY,5jZgeKeNDkx6vxad9duCR0,1.0
5jZgeKeNDkx6vxad9duCR0,5y1GWeQdcPnpbS3CyhKMOp,1.0
5y1GWeQdcPnpbS3CyhKMOp,20uzp1tAHf9LeA76teF9QB,1.0
20uzp1tAHf9LeA76teF9QB,5Kjlx9rIrT6eOnrZIJYbL0,1.0
5Kjlx9rIrT6eOnrZIJYbL0,0lOqhq1F1X3h5z6G0aPHxz,1.0
6VYmNYJmamxpQ3YMcEnL4b,6CTG85NJI1Wm60pxTSRNwL,1.0
6CTG85NJI1Wm60pxTSRNwL,1P3eYnB5KiF4S2qZ7iQnOP,1.0
1P3eYnB5KiF4S2qZ7iQnOP,2JIf3IDX85NrgX2EvBcmyq,1.0
2JIf3IDX85NrgX2EvBcmyq,7hb2hEHV71IqQFz3WrhAUj,1.0
7hb2hEHV71IqQFz3WrhAUj,17scDKWU4B9ahaKHsQpj2m,1.0
17scDKWU4B9ahaKHsQpj2m,2SwCgKbQMGUAUdKY2SBMnT,1.0
2SwCgKbQMGUAUdKY2SBMnT,1yeTf9ZUaNlJ7637FJLtRa,1.0
1yeTf9ZUaNlJ7637FJLtRa,07iyfOH8KsKz9Jo1iqm5Qr,1.0
07iyfOH8KsKz9Jo1iqm5Qr,4laPr385Muc7JizVBqH8Zr,1.0
4laPr385Muc7JizVBqH8Zr,1DxaNpUujd8r0rSiv8uCFA,1.0
1DxaNpUujd8r0rSiv8uCFA,3bJVpDpPWDygulO0moI7bg,1.0
5rY9hTwEjt5pCN5dqY9FJu,6uh8siVtiO7lJwhFeAnavp,1.0
6uh8siVtiO7lJwhFeAnavp,6MwPh7Ccj79VIbserFGTIi,1.0
6MwPh7Ccj79VIbserFGTIi,7tuvW7Pic91ha9iJCH1cJP,1.0
0lOqhq1F1X3h5z6G0aPHxz,6rBSNZMTJGKxuHPbqYTW0L,1.0
6rBSNZMTJGKxuHPbqYTW0L,7bp5DfkdK1OAvNJ1U4HfDA,1.0
4LqQinWUzMl3QmRlO3Wgbh,6nAuitReGgzuoxigAib17w,1.0
18LE5EslSQkAlj3GeNM8SL,522oSSdYJqadyIK80MOOqz,1.0
522oSSdYJqadyIK80MOOqz,4LqQinWUzMl3QmRlO3Wgbh,1.0
4LqQinWUzMl3QmRlO3Wgbh,7qPdc4CH1GGZaHBImyoZ69,1.0
7qPdc4CH1GGZaHBImyoZ69,6nAuitReGgzuoxigAib17w,1.0
6nAuitReGgzuoxigAib17w,2Lrp4tSV5tx31PVmaTRcmV,1.0
2Lrp4tSV5tx31PVmaTRcmV,1xnZssHiiOxlQRYRgpGD1N,1.0
6ZF2mJIitGF3XWaHxz8Mjw,0Mg6Z3OP9fwIEPWHXsnufL,1.0
0Mg6Z3OP9fwIEPWHXsnufL,0k7UxTqp57Q4oXMaYMTO9P,1.0
0k7UxTqp57Q4oXMaYMTO9P,4MdEYuoGhG2RTG3erOiu2H,1.0
3mdxBW35CvdfEbdFBjqWwS,0Mm52YAVJcZSnpsN1YJwqu,1.0
0Mm52YAVJcZSnpsN1YJwqu,1WcwRRRaRSjwiVUJpgBu7m,1.0
6R1qYGx8abmNGz0yPNQQpL,7GUDlmw2a0b0OzaphiRIl4,1.0
7GUDlmw2a0b0OzaphiRIl4,7huGzHyOQycKNNvYZTW4o0,1.0
7huGzHyOQycKNNvYZTW4o0,5eGaQOCmgX2NxkzWCrvKXM,1.0
5eGaQOCmgX2NxkzWCrvKXM,0ZJ1bq7yjjOGYwzYvLr68f,1.0
0ZJ1bq7yjjOGYwzYvLr68f,5Mmssxn9p9icLqEfQfDhWf,1.0
6WUZW6jxEjXADXdcR6Bm02,6CVL5C50pahDxGdNaq5jti,1.0
6VVHSeh8hLXpjsmQNpKJRz,49fueUd2ik003xurF75RB6,1.0
49fueUd2ik003xurF75RB6,4rMXiffcTBsg1QJUcV9Rhn,1.0
6GbSeXBwLRjei4PwIrYVDh,0J6LNjtX37SlLbfnQKcmMW,1.0
0J6LNjtX37SlLbfnQKcmMW,36AvNQ9Df0yRd471f77MJo,1.0
36AvNQ9Df0yRd471f77MJo,2zNjNrQLgkwQDsIeomo96b,1.0
2zNjNrQLgkwQDsIeomo96b,36AvNQ9Df0yRd471f77MJo,1.0
36AvNQ9Df0yRd471f77MJo,7DvGSXC8FDqz2NZyEaIbEM,1.0
7DvGSXC8FDqz2NZyEaIbEM,2HjukRh8jwoQm3MAuqwpib,1.0
6TVF3IDy7LpY0oBQl9RY07,2z4JYKZDLlFziglbMBKce0,1.0
2z4JYKZDLlFziglbMBKce0,5liT25TGynubg8APAUzUqC,1.0
14rWr1hQfVyFjRzZN49Src,4HUflQIAvLWeFRsffaivKH,1.0
4HUflQIAvLWeFRsffaivKH,5liT25TGynubg8APAUzUqC,1.0
5liT25TGynubg8APAUzUqC,36YZKmdrHfQN5cLiyDW5OT,1.0
5vYuPLbrCpmp1raSasDnjC,5liT25TGynubg8APAUzUqC,1.0
0q3e8Pgy4sgy1dzq5JIWVC,4gT3mNJA8lnlkYFqGZ8IA2,1.0
4gT3mNJA8lnlkYFqGZ8IA2,5p7GiBZNL1afJJDUrOA6C8,1.0
5p7GiBZNL1afJJDUrOA6C8,0YbrkoCuUsPE6TmHHh5jCc,1.0
0YbrkoCuUsPE6TmHHh5jCc,1UbIqeYWepeKoIt399UUTI,1.0
1UbIqeYWepeKoIt399UUTI,2W52EYOY4jbGgQPSdhBQau,1.0
2W52EYOY4jbGgQPSdhBQau,7abPXehMoF3iV4LJddq8ar,1.0
7abPXehMoF3iV4LJddq8ar,2RXwaxD5vfbNjsu5FPWb46,1.0
2RXwaxD5vfbNjsu5FPWb46,42oJJ5i5Rx6ky4WN33kiFK,1.0
42oJJ5i5Rx6ky4WN33kiFK,3KK9aN5cmoauuHEOSOHZYk,1.0
3KK9aN5cmoauuHEOSOHZYk,7wcCTrqmu3Hxzq0NzY4EBU,1.0
7wcCTrqmu3Hxzq0NzY4EBU,4WFcerMZkAIcIizZYXNNrb,1.0
5Lmj1nEkyKxI3Po2a6Dmt3,6CVL5C50pahDxGdNaq5jti,1.0
6WUZW6jxEjXADXdcR6Bm02,5vYuPLbrCpmp1raSasDnjC,1.0
5vYuPLbrCpmp1raSasDnjC,4HUflQIAvLWeFRsffaivKH,1.0
4HUflQIAvLWeFRsffaivKH,0725YWm6Z0TpZ6wrNk64Eb,1.0
0725YWm6Z0TpZ6wrNk64Eb,14rWr1hQfVyFjRzZN49Src,1.0
14rWr1hQfVyFjRzZN49Src,36YZKmdrHfQN5cLiyDW5OT,1.0
36YZKmdrHfQN5cLiyDW5OT,2A3ll2i2Y00pHlukv9Iosi,1.0
35FrTrB3SRaSuz94x9SxRD,4zWFLy9QxY12953sbsADNm,1.0
4zWFLy9QxY12953sbsADNm,0lO1JSKQt3CefZHhWr10Ai,1.0
0lO1JSKQt3CefZHhWr10Ai,14rWr1hQfVyFjRzZN49Src,1.0
14rWr1hQfVyFjRzZN49Src,4HUflQIAvLWeFRsffaivKH,1.0
4HUflQIAvLWeFRsffaivKH,54NrCsaKDcBVBMEjzT8y04,1.0
54NrCsaKDcBVBMEjzT8y04,6MSbs2Y0EiRVm69ptJ1sj7,1.0
6MSbs2Y0EiRVm69ptJ1sj7,2i3QOzoKnEjrlU0Ex5xpCH,1.0
2i3QOzoKnEjrlU0Ex5xpCH,6efQ7Z9hjoP9uWxLtsTJ3C,1.0
6efQ7Z9hjoP9uWxLtsTJ3C,22GE8q8JZ9Szz48trWjFBC,1.0
22GE8q8JZ9Szz48trWjFBC,2bOtPtzdNZMXxuAETyMSUt,1.0
2bOtPtzdNZMXxuAETyMSUt,7k2zFjj5UwedYJBoW5Cwz0,1.0
7k2zFjj5UwedYJBoW5Cwz0,3TGJJERElA998ZlJcfA1Qz,1.0
3TGJJERElA998ZlJcfA1Qz,1qtjEJGrStf2OtAjCDyJmm,1.0
4oDP7B9QFabv0I5KBtdWwD,0q3e8Pgy4sgy1dzq5JIWVC,1.0
0q3e8Pgy4sgy1dzq5JIWVC,2wsW7FXHByxfP6Qzwf4iaj,1.0
2wsW7FXHByxfP6Qzwf4iaj,6rpi77GqamZNoltbZ5ksdi,1.0
6rpi77GqamZNoltbZ5ksdi,2aDxbLGzbGA2brS6QvZSvD,1.0
2aDxbLGzbGA2brS6QvZSvD,5Lmj1nEkyKxI3Po2a6Dmt3,1.0
5Lmj1nEkyKxI3Po2a6Dmt3,228nYWqXzsBS9Ha0SIpM7q,1.0
228nYWqXzsBS9Ha0SIpM7q,52eYVUkFTOVozbVFIaFrnV,1.0
52eYVUkFTOVozbVFIaFrnV,7pda6TLAbVGxUjIUtbiNt0,1.0
7pda6TLAbVGxUjIUtbiNt0,6bYWdnmdsTTKiQWWsQ3ZAB,1.0
6bYWdnmdsTTKiQWWsQ3ZAB,2UOYzhusMTypF7oAQwksCj,1.0
2UOYzhusMTypF7oAQwksCj,0f4g2DEM4CKzyOGCWKRMmL,1.0
7nYvUtkQMx1v80S2FH2s9J,2Lrp4tSV5tx31PVmaTRcmV,1.0
2Lrp4tSV5tx31PVmaTRcmV,22wbKQo6jH06dmvaxNp9xH,1.0
22wbKQo6jH06dmvaxNp9xH,4mK0JRfaDrdNpYDPV6SFHp,1.0
2p9FsHJjQCyLmVGJXZVKdw,2S18yMOqDyuUZiHcauJr1u,1.0
2S18yMOqDyuUZiHcauJr1u,0kcRmGKTVtbQIUQImtdJQu,1.0
2eYY43d0V17SxOX0g7sBAD,3feSwo9dMR0sbvdPU02xbh,1.0
3feSwo9dMR0sbvdPU02xbh,4PevTpnIWy2D1wIQZY3MmX,1.0
4PevTpnIWy2D1wIQZY3MmX,4HUflQIAvLWeFRsffaivKH,1.0
6WUZW6jxEjXADXdcR6Bm02,6CVL5C50pahDxGdNaq5jti,1.0
6CVL5C50pahDxGdNaq5jti,36YZKmdrHfQN5cLiyDW5OT,1.0
36YZKmdrHfQN5cLiyDW5OT,3QbxssGJGFOvHEk6t6l3x7,1.0
3QbxssGJGFOvHEk6t6l3x7,6MDLO5bi8mGexqSwF9KmpH,1.0
4LqQinWUzMl3QmRlO3Wgbh,5liT25TGynubg8APAUzUqC,1.0
5liT25TGynubg8APAUzUqC,5vYuPLbrCpmp1raSasDnjC,1.0
5vYuPLbrCpmp1raSasDnjC,4HUflQIAvLWeFRsffaivKH,1.0
4HUflQIAvLWeFRsffaivKH,6CVL5C50pahDxGdNaq5jti,1.0
36YZKmdrHfQN5cLiyDW5OT,5liT25TGynubg8APAUzUqC,1.0
5liT25TGynubg8APAUzUqC,6nAuitReGgzuoxigAib17w,1.0
6nAuitReGgzuoxigAib17w,2e6CyAvryawG8F9O7kRUWX,1.0
2e6CyAvryawG8F9O7kRUWX,7yflDT7Hm2j9Y8BFqf5IqT,1.0
7yflDT7Hm2j9Y8BFqf5IqT,0fbnqrpTlUdy0PUwMdU8Pl,1.0
0fbnqrpTlUdy0PUwMdU8Pl,49fueUd2ik003xurF75RB6,1.0
49fueUd2ik003xurF75RB6,1HGSEG87jSSNAjUZWTFE1y,1.0
1HGSEG87jSSNAjUZWTFE1y,5p7GiBZNL1afJJDUrOA6C8,1.0
5p7GiBZNL1afJJDUrOA6C8,5EKg3cx2v8v48dqlKp6GjO,1.0
5EKg3cx2v8v48dqlKp6GjO,5IIq5uEYpUZoSjTEjqn7q1,1.0
5IIq5uEYpUZoSjTEjqn7q1,0PRd2rdLV4dvDP6YpH8bZ1,1.0
5azJUob8ahbXB3M9YFwTpd,7whZvq9HRLK28XSDxpr1GR,1.0
7whZvq9HRLK28XSDxpr1GR,7qU7vhCPKhkDiJYGoboISc,1.0
7qU7vhCPKhkDiJYGoboISc,3F1cVurf5O2SBcJvSvY4cq,1.0
3F1cVurf5O2SBcJvSvY4cq,7wEGeUzpPNnHKfOtSgYjG4,1.0
7wEGeUzpPNnHKfOtSgYjG4,7KmawNv6JUgZ54gSyVF6VQ,1.0
7KmawNv6JUgZ54gSyVF6VQ,5S5cuxVUcRtDBWqjD9VYEj,1.0
5S5cuxVUcRtDBWqjD9VYEj,1cCbsojaA6GIT7Y3zuMJ1q,1.0
1cCbsojaA6GIT7Y3zuMJ1q,1fJELcAJZwkSgAsQJMt1xW,1.0
1fJELcAJZwkSgAsQJMt1xW,1wMRm72vhW96O6uPkXkMQT,1.0
1wMRm72vhW96O6uPkXkMQT,3t6nSGHd43N2ixrq7Sqopx,1.0
3t6nSGHd43N2ixrq7Sqopx,5bx0tMIUHBVBtfcZjo2iab,1.0
5bx0tMIUHBVBtfcZjo2iab,3HgA5R5alihocnOYE9ihpS,1.0
3HgA5R5alihocnOYE9ihpS,0S4YysfsVExB7oX0tairoB,1.0
0S4YysfsVExB7oX0tairoB,43ouKEbDr397DJEd0Oe2ap,1.0
5FX89IUKm9QJT9ymrmyK4k,5uqphUYsR45kPYplrYSAQh,1.0
5uqphUYsR45kPYplrYSAQh,5JpkV4nf0RwaIBQZgpO4pM,1.0
5JpkV4nf0RwaIBQZgpO4pM,1yPqFsT2aV7BhE21KPn6k2,1.0
63A66lAc7Kg91xnCfbE4SY,387w7MC59bPZBmOgn3yo6I,1.0
387w7MC59bPZBmOgn3yo6I,5WQ51za703KiiBqWjF54Nm,1.0
5WQ51za703KiiBqWjF54Nm,7abPXehMoF3iV4LJddq8ar,1.0
7abPXehMoF3iV4LJddq8ar,6s8uBC9oil1lRT31fbbLW9,1.0
6s8uBC9oil1lRT31fbbLW9,2RXwaxD5vfbNjsu5FPWb46,1.0
2RXwaxD5vfbNjsu5FPWb46,4ytQeKjRHkcBuiJC2GMbe3,1.0
4ytQeKjRHkcBuiJC2GMbe3,1g1zk6gOFE63kDszT1luxY,1.0
1g1zk6gOFE63kDszT1luxY,7xAiVZgfZAQFQJT3dI0ibi,1.0
7xAiVZgfZAQFQJT3dI0ibi,0Xcy81PsJCOO6mhLZaQyQ4,1.0
0Xcy81PsJCOO6mhLZaQyQ4,4gT3mNJA8lnlkYFqGZ8IA2,1.0
0kMTNwSxthISMQAguELJlc,6CVL5C50pahDxGdNaq5jti,1.0
14rWr1hQfVyFjRzZN49Src,6CVL5C50pahDxGdNaq5jti,1.0
6CVL5C50pahDxGdNaq5jti,5liT25TGynubg8APAUzUqC,1.0
5liT25TGynubg8APAUzUqC,36YZKmdrHfQN5cLiyDW5OT,1.0
36YZKmdrHfQN5cLiyDW5OT,4AVYSOoAyFByDNZWEiRULj,1.0
4AVYSOoAyFByDNZWEiRULj,685wafKZSIbPoZeuzDvcWs,1.0
685wafKZSIbPoZeuzDvcWs,5vYuPLbrCpmp1raSasDnjC,1.0
5vYuPLbrCpmp1raSasDnjC,0G1ds3IRHW8EutuTbvxyoY,1.0
0G1ds3IRHW8EutuTbvxyoY,6TVF3IDy7LpY0oBQl9RY07,1.0
6TVF3IDy7LpY0oBQl9RY07,49fueUd2ik003xurF75RB6,1.0
49fueUd2ik003xurF75RB6,0q3e8Pgy4sgy1dzq5JIWVC,1.0
0q3e8Pgy4sgy1dzq5JIWVC,1HGSEG87jSSNAjUZWTFE1y,1.0
1HGSEG87jSSNAjUZWTFE1y,4IfwO7K8jMmpDDmDqbROTT,1.0
4IfwO7K8jMmpDDmDqbROTT,60k1sCmMJW5629S1TOeBTt,1.0
60k1sCmMJW5629S1TOeBTt,1Wh8GeXvt7lANMGHubpaQn,1.0
1Wh8GeXvt7lANMGHubpaQn,0kQVd0Kn8DuYaRXBNdgq6l,1.0
0kQVd0Kn8DuYaRXBNdgq6l,1f5CM2Y8vBZ21YVGOKVaON,1.0
6CVL5C50pahDxGdNaq5jti,5k3fT4ylXfQpE2M29sP3iL,1.0
5k3fT4ylXfQpE2M29sP3iL,6CVL5C50pahDxGdNaq5jti,1.0
6CVL5C50pahDxGdNaq5jti,0BSPhsCKfwENstErymcD80,1.0
5xNjB1NBYIp8tqbaqBpFz5,0ryUcfZ9p8qMUzYXXAnYLf,1.0
0ryUcfZ9p8qMUzYXXAnYLf,3KUpGMnZL76I9E7FoWV1re,1.0
5nmXuJOBhAAcreDwD4dbZM,0eWl8qxn2jiz1sPovMlukT,1.0
0eWl8qxn2jiz1sPovMlukT,4O2aCfXPP9FfPoIPixwVBz,1.0
4O2aCfXPP9FfPoIPixwVBz,61sSJHLos9i5TPwaqGNxCz,1.0
61sSJHLos9i5TPwaqGNxCz,2KoCG3sdnhVsxio2GQH34w,1.0
2KoCG3sdnhVsxio2GQH34w,6wbDqobV3CSsfX8jKB9KrF,1.0
6wbDqobV3CSsfX8jKB9KrF,2vffK7x95PKEtSY70qwo9n,1.0
2vffK7x95PKEtSY70qwo9n,3elZjWWqIVijinJPXVzO4E,1.0
3elZjWWqIVijinJPXVzO4E,3bJVpDpPWDygulO0moI7bg,1.0
1qtjEJGrStf2OtAjCDyJmm,3JvBlsDRoPDdeBQKSb5BxO,1.0
3JvBlsDRoPDdeBQKSb5BxO,3seHx466iTcUmWE9dOVB3v,1.0
3seHx466iTcUmWE9dOVB3v,7HBtUA2lj3ljwCRVYsucmO,1.0
7HBtUA2lj3ljwCRVYsucmO,7zBkFHiWejDPxIimU8XpVw,1.0
7zBkFHiWejDPxIimU8XpVw,2mR7rBYfObmaGrQWHIBQHv,1.0
2mR7rBYfObmaGrQWHIBQHv,6piDHcH0vdPWzIg2uU2q3K,1.0
6piDHcH0vdPWzIg2uU2q3K,5S9alBPKlNUOeXHJXiqeSx,1.0
5S9alBPKlNUOeXHJXiqeSx,18rQjB8xZ46yx4ZXbytc18,1.0
18rQjB8xZ46yx4ZXbytc18,0BfcfdZd85CmmkE5pdbUdE,1.0
19Iom57aNtvBP5hDnioxMA,37y7iDayfwm3WXn5BiAoRk,1.0
0lgmBKxmBYmsi2OyGnG9E4,403SoB5RK59MkWQpeMRJLR,1.0
2rkQoNHHSSeMF2S2Gmd3yw,4YOhKKf8uV00LY7pvRqxQd,1.0
3MIPBHB3AsRBt2SmOalXQ2,1Lv5ScZ5HYn0JqSPAlnMPZ,1.0
1Lv5ScZ5HYn0JqSPAlnMPZ,5j438KPaeRPVh2zLORm9El,1.0
5j438KPaeRPVh2zLORm9El,0x3NcHCHAfv88NPaggax0h,1.0
0x3NcHCHAfv88NPaggax0h,4X4NrHp5VpibgirzuImxXd,1.0
0L1tKUzrIkBqFxl5rUqeSn,6CVL5C50pahDxGdNaq5jti,1.0
6CVL5C50pahDxGdNaq5jti,36YZKmdrHfQN5cLiyDW5OT,1.0
36YZKmdrHfQN5cLiyDW5OT,5vYuPLbrCpmp1raSasDnjC,1.0
5vYuPLbrCpmp1raSasDnjC,3yysH58lQjPaKRdALIHisV,1.0
3yysH58lQjPaKRdALIHisV,6m192NGYZHIbO5UBkkM4oN,1.0
6m192NGYZHIbO5UBkkM4oN,1vjSc13n9xGrQo364x2z0W,1.0
0kQVd0Kn8DuYaRXBNdgq6l,3NrZhjTpbvfA9ZgB7zLKfg,1.0
3NrZhjTpbvfA9ZgB7zLKfg,4Q1GscFfPr9SM9g0uVf95h,1.0
4Q1GscFfPr9SM9g0uVf95h,5SXVHZqF1iFzveLzeamg70,1.0
2xcRTNxhhCL5HbCp4UGkjh,0AnLCkvhn3HUYkws8rgklp,1.0
0AnLCkvhn3HUYkws8rgklp,6GI114RuBiRyc09NcXyU6y,1.0
77iRifbhkJGvGBBRNykUwN,6CVL5C50pahDxGdNaq5jti,1.0
6CVL5C50pahDxGdNaq5jti,5k3fT4ylXfQpE2M29sP3iL,1.0
5k3fT4ylXfQpE2M29sP3iL,5vYuPLbrCpmp1raSasDnjC,1.0
5vYuPLbrCpmp1raSasDnjC,2q2EAq1UZQGenqXZgBkLbu,1.0
2q2EAq1UZQGenqXZgBkLbu,2zXfpzLG8YDA6JX3RJ0gEF,1.0
2zXfpzLG8YDA6JX3RJ0gEF,2ff8urv5FBluKZXs5yjE1j,1.0
3aP0MsLipVga7jVTcDTeH6,7AewiR0SOgfi8AXBnQz6Ih,1.0
7AewiR0SOgfi8AXBnQz6Ih,3b0tvkTkszyK6JrJj9HuwF,1.0
3b0tvkTkszyK6JrJj9HuwF,2UsREIjT72ZEZnhdvpyg7R,1.0
2UsREIjT72ZEZnhdvpyg7R,0Mm52YAVJcZSnpsN1YJwqu,1.0
0Mm52YAVJcZSnpsN1YJwqu,0lgmBKxmBYmsi2OyGnG9E4,1.0
0lgmBKxmBYmsi2OyGnG9E4,5FHXxdJeq1iAE9PjDTEgyd,1.0
5FHXxdJeq1iAE9PjDTEgyd,1wvZtVizmxzw0sQOgP5xOI,1.0
040bfxASXZ4RHrb5my05ZT,014S84Cgs1uGmWOIW6V9U9,1.0
3yysH58lQjPaKRdALIHisV,5vYuPLbrCpmp1raSasDnjC,1.0
5vYuPLbrCpmp1raSasDnjC,0lgmBKxmBYmsi2OyGnG9E4,1.0
0lgmBKxmBYmsi2OyGnG9E4,0f8iBoM9o3cX7EfQK2mDeR,1.0
0f8iBoM9o3cX7EfQK2mDeR,0qLt7pQhm8LDxFgI0YXdlY,1.0
0qLt7pQhm8LDxFgI0YXdlY,6wbDqobV3CSsfX8jKB9KrF,1.0
6wbDqobV3CSsfX8jKB9KrF,7yflDT7Hm2j9Y8BFqf5IqT,1.0
61xhzNDgit98Mwcz6Rsgam,01AJvnKOeHtFe9stZ7AGfm,1.0
01AJvnKOeHtFe9stZ7AGfm,3HgA5R5alihocnOYE9ihpS,1.0
3HgA5R5alihocnOYE9ihpS,7I633Kjfnn8TQLBvnffQ4q,1.0
7I633Kjfnn8TQLBvnffQ4q,1P3eYnB5KiF4S2qZ7iQnOP,1.0
1P3eYnB5KiF4S2qZ7iQnOP,1QYpYXj7uPYa0obpLF0HFW,1.0
1QYpYXj7uPYa0obpLF0HFW,0Mg6Z3OP9fwIEPWHXsnufL,1.0
0Mg6Z3OP9fwIEPWHXsnufL,250jCVNYW5p5Y0vqJHMWp3,1.0
6nAuitReGgzuoxigAib17w,1f5CM2Y8vBZ21YVGOKVaON,1.0
1f5CM2Y8vBZ21YVGOKVaON,19AE85xII1CHMeGoDmlmlB,1.0
19AE85xII1CHMeGoDmlmlB,1wUqPSPW6NOskhRHhIf9uU,1.0
1wUqPSPW6NOskhRHhIf9uU,0ShILYEuj2JA4Zx31gAhd0,1.0
0ShILYEuj2JA4Zx31gAhd0,6W5Y6TSovS7gxOy6CfB9eA,1.0
6W5Y6TSovS7gxOy6CfB9eA,3xunxIPUCjzbFDzH03wiph,1.0
3xunxIPUCjzbFDzH03wiph,5BF6J7ZHbncg8ynxI22ER4,1.0
5BF6J7ZHbncg8ynxI22ER4,4hYcY2965SAQsfmynbezhf,1.0
4hYcY2965SAQsfmynbezhf,2g72QoX5ZZlEqQpKfnOdrj,1.0
2i3QOzoKnEjrlU0Ex5xpCH,2g72QoX5ZZlEqQpKfnOdrj,1.0
5liT25TGynubg8APAUzUqC,0WrULBQbB1PTGksaR8ZzOs,1.0
0WrULBQbB1PTGksaR8ZzOs,1wUqPSPW6NOskhRHhIf9uU,1.0
1wUqPSPW6NOskhRHhIf9uU,5hYEaLnayI7QbBV9vXyu5Y,1.0
5hYEaLnayI7QbBV9vXyu5Y,2YdgfEjUO1qhG9j2R58HES,1.0
2YdgfEjUO1qhG9j2R58HES,5iDz8YQok0VO7Gxp8Pmq41,1.0
5iDz8YQok0VO7Gxp8Pmq41,1DxaNpUujd8r0rSiv8uCFA,1.0
0kMTNwSxthISMQAguELJlc,3kxfsdsCpFgN412fpnW85Y,1.0
3kxfsdsCpFgN412fpnW85Y,7AFOSvc2eX7fy5QiudMRz1,1.0
7AFOSvc2eX7fy5QiudMRz1,5FHXxdJeq1iAE9PjDTEgyd,1.0
5FHXxdJeq1iAE9PjDTEgyd,2q3CORdIL4VD2nZpjvOzKl,1.0
4oDP7B9QFabv0I5KBtdWwD,7xAiVZgfZAQFQJT3dI0ibi,1.0
7xAiVZgfZAQFQJT3dI0ibi,03jaD8yizTrRPD4KPB2dZ5,1.0
03jaD8yizTrRPD4KPB2dZ5,1v5cgIyffYtfEx0swttdoE,1.0
1v5cgIyffYtfEx0swttdoE,2NgSwzg3vh3esashGhgIXT,1.0
2NgSwzg3vh3esashGhgIXT,4tj8pey83vDcoXZYRSRBRc,1.0
4tj8pey83vDcoXZYRSRBRc,49QaHhVWcpVW2gi8dJx8B0,1.0
49QaHhVWcpVW2gi8dJx8B0,7tjn96gYqIcrk7n6DsI3l6,1.0
7tjn96gYqIcrk7n6DsI3l6,6zh38ovZX3Y3CxRB6KVa11,1.0
6zh38ovZX3Y3CxRB6KVa11,2wVaikw9WmhmIPyNt6BWa2,1.0
2wVaikw9WmhmIPyNt6BWa2,30ijaUgDocRl5Z20cOFTuY,1.0
30ijaUgDocRl5Z20cOFTuY,4m5zY9PRJvqPRDhDMJwSel,1.0
4m5zY9PRJvqPRDhDMJwSel,228nYWqXzsBS9Ha0SIpM7q,1.0
228nYWqXzsBS9Ha0SIpM7q,2mR7rBYfObmaGrQWHIBQHv,1.0
2mR7rBYfObmaGrQWHIBQHv,383kL0qjp5qFa09J2ekjr2,1.0
383kL0qjp5qFa09J2ekjr2,2JEdPACPOWnh9VsnlmCtsl,1.0
2JEdPACPOWnh9VsnlmCtsl,2OuPR1aeHm3oZcvjarDDow,1.0
2OuPR1aeHm3oZcvjarDDow,5fyRqeycMofUoGmDis5Gu6,1.0
5fyRqeycMofUoGmDis5Gu6,58yWJFglBzvZ7Zao70lGtJ,1.0
58yWJFglBzvZ7Zao70lGtJ,0vBTlZLCQFlPIyUo0YYQDR,1.0
0vBTlZLCQFlPIyUo0YYQDR,33zbOXJSwW7uf4VXXWow2O,1.0
33zbOXJSwW7uf4VXXWow2O,2xLMifQCjDGFmkHkpNLD9h,1.0
2xLMifQCjDGFmkHkpNLD9h,6nAuitReGgzuoxigAib17w,1.0
6nAuitReGgzuoxigAib17w,1xnZssHiiOxlQRYRgpGD1N,1.0
1xnZssHiiOxlQRYRgpGD1N,1Ke6bqdvdGJF1ftvuO8qtP,1.0
1Ke6bqdvdGJF1ftvuO8qtP,3F1cVurf5O2SBcJvSvY4cq,1.0
3F1cVurf5O2SBcJvSvY4cq,3bKmTDB7cUoYoRdYoIvcoU,1.0
3bKmTDB7cUoYoRdYoIvcoU,03sEEzFv7vnD54KRwU47Ue,1.0
03sEEzFv7vnD54KRwU47Ue,0Z1ozhbWc9XPczRSrFYqBb,1.0
0Z1ozhbWc9XPczRSrFYqBb,1g1zk6gOFE63kDszT1luxY,1.0
4bSwsbPYuBWEiwhAiHy8Ti,2JmFRXaJrkAUD2cs6U20KG,1.0
2JmFRXaJrkAUD2cs6U20KG,1dVv3gEVfJPMLFV0h06YGa,1.0
0uOCcuZWM1XbZFqf9dkxLG,3dVqjUsWzNyFjPavDF0OuW,1.0
3dVqjUsWzNyFjPavDF0OuW,0q3e8Pgy4sgy1dzq5JIWVC,1.0
0q3e8Pgy4sgy1dzq5JIWVC,0x3NcHCHAfv88NPaggax0h,1.0
0x3NcHCHAfv88NPaggax0h,4ir5WlzsgiP6TEbRtkhCGR,1.0
4ir5WlzsgiP6TEbRtkhCGR,52eYVUkFTOVozbVFIaFrnV,1.0
52eYVUkFTOVozbVFIaFrnV,2UOYzhusMTypF7oAQwksCj,1.0
2UOYzhusMTypF7oAQwksCj,3HgA5R5alihocnOYE9ihpS,1.0
3HgA5R5alihocnOYE9ihpS,7ycWLEP1GsNjVvcjawXz3z,1.0
7ycWLEP1GsNjVvcjawXz3z,3iVcZ5G6tvkXZkZKlMpIUs,1.0
3iVcZ5G6tvkXZkZKlMpIUs,0CjJqkWOpIUXdem5hUcxAk,1.0
0CjJqkWOpIUXdem5hUcxAk,0lOqhq1F1X3h5z6G0aPHxz,1.0
0lOqhq1F1X3h5z6G0aPHxz,2LTlO3NuNVN70lp2ZbVswF,1.0
3InFcD65QGmnAC5NiFMEG9,1tyAWabZG55PW31Q9aKr4B,1.0
1tyAWabZG55PW31Q9aKr4B,6W5Y6TSovS7gxOy6CfB9eA,1.0
3xunxIPUCjzbFDzH03wiph,1f5CM2Y8vBZ21YVGOKVaON,1.0
1f5CM2Y8vBZ21YVGOKVaON,4IfwO7K8jMmpDDmDqbROTT,1.0
7bp5DfkdK1OAvNJ1U4HfDA,1wUqPSPW6NOskhRHhIf9uU,1.0
1wUqPSPW6NOskhRHhIf9uU,1wUqPSPW6NOskhRHhIf9uU,1.0
1wUqPSPW6NOskhRHhIf9uU,4fMXQkXkfmO6KWKVwxvkWT,1.0
4fMXQkXkfmO6KWKVwxvkWT,6yz7M1DItRFo8ATGeLoM9y,1.0
0LTqGc7UqoOEfyrBrffixC,3DjYU54tU6YCEy822r8TcY,1.0
3DjYU54tU6YCEy822r8TcY,3gXK6q2AmAU0fVMRYzLkKX,1.0
3gXK6q2AmAU0fVMRYzLkKX,5bx0tMIUHBVBtfcZjo2iab,1.0
5bx0tMIUHBVBtfcZjo2iab,5UA5ownmiX7KlCfEjfx8Eu,1.0
1Z61bowxub7hcwoIFTJoCr,19AE85xII1CHMeGoDmlmlB,1.0
19AE85xII1CHMeGoDmlmlB,1wUqPSPW6NOskhRHhIf9uU,1.0
1wUqPSPW6NOskhRHhIf9uU,1Gcg62WCWynIyjilpHFYTJ,1.0
1Gcg62WCWynIyjilpHFYTJ,7dWKEpQvhLoMbydgwhFDed,1.0
7dWKEpQvhLoMbydgwhFDed,3DPFmwFtV5ElQaTniLOdgk,1.0
3DPFmwFtV5ElQaTniLOdgk,4EpZ4eYuZOwPSSwyqpdHnJ,1.0
2SRrD0LC0M4OiLAUiWt903,0fDFzVTG8c2fW9EM5f1RHM,1.0
1P3eYnB5KiF4S2qZ7iQnOP,6rBSNZMTJGKxuHPbqYTW0L,1.0
6rBSNZMTJGKxuHPbqYTW0L,13YyYNBofurxZCNYiFDibB,1.0
13YyYNBofurxZCNYiFDibB,2OJCEICqJJJ68W0fXtIfKV,1.0
2OJCEICqJJJ68W0fXtIfKV,4bN43jYf41eIjJZ3UXQpuA,1.0
4bN43jYf41eIjJZ3UXQpuA,1fJELcAJZwkSgAsQJMt1xW,1.0
1fJELcAJZwkSgAsQJMt1xW,4X4NrHp5VpibgirzuImxXd,1.0
4X4NrHp5VpibgirzuImxXd,2HjukRh8jwoQm3MAuqwpib,1.0
2HjukRh8jwoQm3MAuqwpib,5cfIibuUGxlrdXcNaWmAnQ,1.0
5cfIibuUGxlrdXcNaWmAnQ,3t6nSGHd43N2ixrq7Sqopx,1.0
3t6nSGHd43N2ixrq7Sqopx,4NcYXkAAvldlvl7esKz5A3,1.0
41bN3RpdiA7tpEGDE5v7p9,0O7suHWzayeSF2JnrAa1Ki,1.0
1Gcg62WCWynIyjilpHFYTJ,1wUqPSPW6NOskhRHhIf9uU,1.0
43ile6cBzr9uaC4bJf6J3N,2cmRpmO04TLaKPzmAzySYZ,1.0
2cmRpmO04TLaKPzmAzySYZ,11GDQVqIEKAB4QKOcIVOvG,1.0
11GDQVqIEKAB4QKOcIVOvG,1DW0TE14yZouKlWuc64WSP,1.0
1DW0TE14yZouKlWuc64WSP,4X4NrHp5VpibgirzuImxXd,1.0
4X4NrHp5VpibgirzuImxXd,6BBHu0wwIQZoqoPsrG7Bgz,1.0
6BBHu0wwIQZoqoPsrG7Bgz,4YOhKKf8uV00LY7pvRqxQd,1.0
4YOhKKf8uV00LY7pvRqxQd,4HWIwnpTzT2VzVvvo3bYYv,1.0
4HWIwnpTzT2VzVvvo3bYYv,6TdITECo4Wyt8ZjuSZ6AnQ,1.0
6TdITECo4Wyt8ZjuSZ6AnQ,7jWIolCo1nHYaAmOvFH0Lo,1.0
7jWIolCo1nHYaAmOvFH0Lo,4WFcerMZkAIcIizZYXNNrb,1.0
4WFcerMZkAIcIizZYXNNrb,1SHbvIUb0fvzC9K0AVArNm,1.0
1SHbvIUb0fvzC9K0AVArNm,2QoC2SAaXpLrpVNCGJnrgd,1.0
2QoC2SAaXpLrpVNCGJnrgd,2i3QOzoKnEjrlU0Ex5xpCH,1.0
2i3QOzoKnEjrlU0Ex5xpCH,5p7GiBZNL1afJJDUrOA6C8,1.0
5p7GiBZNL1afJJDUrOA6C8,49fueUd2ik003xurF75RB6,1.0
49fueUd2ik003xurF75RB6,4htrQYWuhYis2w8DqLhpoU,1.0
4htrQYWuhYis2w8DqLhpoU,5XiLyRyqmp2CcBZJoVPPnh,1.0
77iRifbhkJGvGBBRNykUwN,3QVu5yFeifgUwpX35PFrmx,1.0
49fueUd2ik003xurF75RB6,1oSOyE9Ap4PNSpxfirRPDs,1.0
1oSOyE9Ap4PNSpxfirRPDs,7abPXehMoF3iV4LJddq8ar,1.0
7abPXehMoF3iV4LJddq8ar,4HWIwnpTzT2VzVvvo3bYYv,1.0
17JA4HlieSH7TY3pQk21MJ,0kQVd0Kn8DuYaRXBNdgq6l,1.0
0kQVd0Kn8DuYaRXBNdgq6l,4KZLbMbASytdXWpapXWiF8,1.0
4KZLbMbASytdXWpapXWiF8,52Z7CTmgnfpYcC6YCUpVjg,1.0
52Z7CTmgnfpYcC6YCUpVjg,0KvyxPJcQNG3d2Tg0LUgjI,1.0
0KvyxPJcQNG3d2Tg0LUgjI,4c2VZAmTgDo0Wp2bsvpfFv,1.0
4c2VZAmTgDo0Wp2bsvpfFv,1vIF4ZNaGZvGER6B5OIIQ1,1.0
1vIF4ZNaGZvGER6B5OIIQ1,0Xcy81PsJCOO6mhLZaQyQ4,1.0
5bK03pTZXDQWCWjKhacuaP,0aocB2ukxn2Gy663wEEW3j,1.0
0aocB2ukxn2Gy663wEEW3j,6tmT2mBCt7X6DLrY5tgBzH,1.0
6tmT2mBCt7X6DLrY5tgBzH,1Y2ExJJ9Dmb9po8K0ybSj3,1.0
1Y2ExJJ9Dmb9po8K0ybSj3,0bhxSAqVVqnE12k7Ln04Zp,1.0
0bhxSAqVVqnE12k7Ln04Zp,6DTpGPwh9iH60LH32XZ0tA,1.0
6DTpGPwh9iH60LH32XZ0tA,5kDQgfXuKYBonStfRB7mEx,1.0
5kDQgfXuKYBonStfRB7mEx,4YwNf1fLZt9IQhJeHNWfBi,1.0
4YwNf1fLZt9IQhJeHNWfBi,3tJp3SXg6NUyrV6wduHAL8,1.0
3tJp3SXg6NUyrV6wduHAL8,2OQ1V0e2O56AeIo4ywuYKF,1.0
2OQ1V0e2O56AeIo4ywuYKF,0POIckpJtVYttAJ5wTrxPC,1.0
0POIckpJtVYttAJ5wTrxPC,6wwPtKxaMEbQYc6atQmhTE,1.0
6wwPtKxaMEbQYc6atQmhTE,5oJ6pSfpV5HH9QBeXyNMjJ,1.0
5oJ6pSfpV5HH9QBeXyNMjJ,1e5nuWd8w0ZQlgEA19okwE,1.0
575MuGFrdfOFBsICmpBtsr,0nNY7kR1TjRcZYAMi08rCy,1.0
0nNY7kR1TjRcZYAMi08rCy,5Lmj1nEkyKxI3Po2a6Dmt3,1.0
0BSPhsCKfwENstErymcD80,37sImz0wkOcX1cMWzo080d,1.0
37sImz0wkOcX1cMWzo080d,6MD03Z93Me4okhTWFMfY8T,1.0
6MD03Z93Me4okhTWFMfY8T,3Tb8evphzQfsqXK9yS5noh,1.0
6Rtug7pmJtXarD0fTtRlt0,0N3W5peJUQtI4eyR6GJT5O,1.0
0N3W5peJUQtI4eyR6GJT5O,0x3NcHCHAfv88NPaggax0h,1.0
0x3NcHCHAfv88NPaggax0h,624w3LZtZ5Ij0N5LxhV5jx,1.0
624w3LZtZ5Ij0N5LxhV5jx,2JEdPACPOWnh9VsnlmCtsl,1.0
2JEdPACPOWnh9VsnlmCtsl,0ryUcfZ9p8qMUzYXXAnYLf,1.0
2aDxbLGzbGA2brS6QvZSvD,2n2DoZGBwDVzTMZu9dCd06,1.0
2n2DoZGBwDVzTMZu9dCd06,0zbu6qCs5kqT8q3Zo0QWym,1.0
0zbu6qCs5kqT8q3Zo0QWym,2JrOYP9EYr9ENtR4gaL0j0,1.0
2JrOYP9EYr9ENtR4gaL0j0,5pxtdhLAi0RTh1gNqhGMNA,1.0
5pxtdhLAi0RTh1gNqhGMNA,7AjsVWWF2QK801LJ8IMrIe,1.0
7AjsVWWF2QK801LJ8IMrIe,5liT25TGynubg8APAUzUqC,1.0
5liT25TGynubg8APAUzUqC,6CVL5C50pahDxGdNaq5jti,1.0
6CVL5C50pahDxGdNaq5jti,4HUflQIAvLWeFRsffaivKH,1.0
4HUflQIAvLWeFRsffaivKH,3aQBfSWXGiEB6zxMpyhjoO,1.0
3aQBfSWXGiEB6zxMpyhjoO,2PulWYqnqleNbyweJL04w9,1.0
2PulWYqnqleNbyweJL04w9,4dNwzB7yuTf8jSYZSlok7C,1.0
4dNwzB7yuTf8jSYZSlok7C,7rUylEFdKOrWD6TLRwvxnc,1.0
7rUylEFdKOrWD6TLRwvxnc,6BscxsozssLYVfbMmdVVtu,1.0
6BscxsozssLYVfbMmdVVtu,3yg7fx2DVjbQRLoROq3wA8,1.0
3yg7fx2DVjbQRLoROq3wA8,4HfxDJ0uLHTLe0fZrx0MbQ,1.0
4HfxDJ0uLHTLe0fZrx0MbQ,6UjeFOCGYgMpBUtqKg1Je3,1.0
6UjeFOCGYgMpBUtqKg1Je3,0myWNiu1NH1NZegHFqKF9Y,1.0
0myWNiu1NH1NZegHFqKF9Y,2ff8urv5FBluKZXs5yjE1j,1.0
2ff8urv5FBluKZXs5yjE1j,7fnC8GgNoAM9QAZ6qHB8PG,1.0
7fnC8GgNoAM9QAZ6qHB8PG,6CTG85NJI1Wm60pxTSRNwL,1.0
6CTG85NJI1Wm60pxTSRNwL,0QtbNh8K4XVc7SPahj3uVK,1.0
0QtbNh8K4XVc7SPahj3uVK,4W2cIDsWXObrBiZcrcCuvF,1.0
5WQ51za703KiiBqWjF54Nm,2JIf3IDX85NrgX2EvBcmyq,1.0
2JIf3IDX85NrgX2EvBcmyq,1mT6bWmDk49SpjrZGC96pa,1.0
4F07ku5lMBIoybFPStM2j4,0BfcfdZd85CmmkE5pdbUdE,1.0
0BfcfdZd85CmmkE5pdbUdE,19AE85xII1CHMeGoDmlmlB,1.0
3EKzH4moV9wWTkVEdgz91A,1SGQDxceZAPK4IWffYCw8c,1.0
1SGQDxceZAPK4IWffYCw8c,7zBkFHiWejDPxIimU8XpVw,1.0
7zBkFHiWejDPxIimU8XpVw,3YeMropKuuqqfrGvj00uux,1.0
0jHtHzXJtAbLOMeftlsYTb,40WXqoyOLAAugGmJWZU1FY,1.0
40WXqoyOLAAugGmJWZU1FY,29G1ScCUhgjgI0H72qN4DE,1.0
29G1ScCUhgjgI0H72qN4DE,49vzuiR9YheTFslIuO4JRV,1.0
49vzuiR9YheTFslIuO4JRV,4LqQinWUzMl3QmRlO3Wgbh,1.0
4LqQinWUzMl3QmRlO3Wgbh,07c5SaxbJbQ1SvHWa8FcO6,1.0
07c5SaxbJbQ1SvHWa8FcO6,6tOOWkgsbrEQoGyeJBpjCT,1.0
066nVSMAHBa3UxtE1m4c2j,6LVysmn3YWl1GAEd0zFoVB,1.0
6LVysmn3YWl1GAEd0zFoVB,02bQjO84bpaGn4zlnlebWK,1.0
02bQjO84bpaGn4zlnlebWK,6mIMcm0qEvKmFlSy9zFTGE,1.0
6mIMcm0qEvKmFlSy9zFTGE,7HBtUA2lj3ljwCRVYsucmO,1.0
7HBtUA2lj3ljwCRVYsucmO,0djnjvuq3Lg71aZ3UK61D3,1.0
0djnjvuq3Lg71aZ3UK61D3,4O2aCfXPP9FfPoIPixwVBz,1.0
4O2aCfXPP9FfPoIPixwVBz,6OHWgUuDDedHRVhcg8vlaf,1.0
6OHWgUuDDedHRVhcg8vlaf,1as1HN1p45h1NxBzXDiyVm,1.0
2TuPUfLZ89N6ZtiSrKDRLC,0t7WbPkjHnA2ddYyBcNTJ8,1.0
0t7WbPkjHnA2ddYyBcNTJ8,1SGQDxceZAPK4IWffYCw8c,1.0
1SGQDxceZAPK4IWffYCw8c,1SGQDxceZAPK4IWffYCw8c,1.0
1SGQDxceZAPK4IWffYCw8c,6ikh8e4YxgOlb11LWUaBp4,1.0
6ikh8e4YxgOlb11LWUaBp4,2eM4Ew20VXdjBhm6a6Cs9l,1.0
2eM4Ew20VXdjBhm6a6Cs9l,0sQ9MCD0ichtBCSi8Khn3h,1.0
0sQ9MCD0ichtBCSi8Khn3h,11gfOUFtnHemJ06cUCAifs,1.0
11gfOUFtnHemJ06cUCAifs,4zHHXoyJMHV7cnEXPnECGO,1.0
4zHHXoyJMHV7cnEXPnECGO,7wZIqkXJOFzhr49aWNpsTw,1.0
7wZIqkXJOFzhr49aWNpsTw,6rtwULJIwFVMSU0g4FY6zf,1.0
6rtwULJIwFVMSU0g4FY6zf,1B5BfvGVQ5fPtDN2K8tUdy,1.0
1B5BfvGVQ5fPtDN2K8tUdy,7HIQRlIXD9BodpZCjrfbo1,1.0
7HIQRlIXD9BodpZCjrfbo1,2SDwSIKuqIuKUMolXTlaoC,1.0
2SDwSIKuqIuKUMolXTlaoC,6rBSNZMTJGKxuHPbqYTW0L,1.0
6rBSNZMTJGKxuHPbqYTW0L,0d3GSGvUvscv1xkrtBQPK7,1.0
0d3GSGvUvscv1xkrtBQPK7,1wvZtVizmxzw0sQOgP5xOI,1.0
1wvZtVizmxzw0sQOgP5xOI,27SL5XcsODWXgEVizprlMR,1.0
5kpnUpMNV9dPNCKY7JtW3Q,0SFGeQL6FzJVMYXVxbCZuD,1.0
0ZYPXpIc80adkNnFZrscT9,2HjukRh8jwoQm3MAuqwpib,1.0
2HjukRh8jwoQm3MAuqwpib,5bx0tMIUHBVBtfcZjo2iab,1.0
5bx0tMIUHBVBtfcZjo2iab,6wbDqobV3CSsfX8jKB9KrF,1.0
6wbDqobV3CSsfX8jKB9KrF,5cfIibuUGxlrdXcNaWmAnQ,1.0
5cfIibuUGxlrdXcNaWmAnQ,7zBkFHiWejDPxIimU8XpVw,1.0
7zBkFHiWejDPxIimU8XpVw,41bN3RpdiA7tpEGDE5v7p9,1.0
41bN3RpdiA7tpEGDE5v7p9,1P3eYnB5KiF4S2qZ7iQnOP,1.0
1P3eYnB5KiF4S2qZ7iQnOP,7useXLqEWfoNdRveqGoQpv,1.0
7useXLqEWfoNdRveqGoQpv,3t6nSGHd43N2ixrq7Sqopx,1.0
3t6nSGHd43N2ixrq7Sqopx,2q3CORdIL4VD2nZpjvOzKl,1.0
4hSfY4G2SIUlwGViX1ve6J,5n4FL8FgHZQaJ2GuwMN9F8,1.0
5n4FL8FgHZQaJ2GuwMN9F8,5SXVHZqF1iFzveLzeamg70,1.0
5SXVHZqF1iFzveLzeamg70,066nVSMAHBa3UxtE1m4c2j,1.0
066nVSMAHBa3UxtE1m4c2j,11pl6qHKCuujdtnyGOI8Fi,1.0
11pl6qHKCuujdtnyGOI8Fi,4jU3iYHWpre263nlEhqrUl,1.0
4jU3iYHWpre263nlEhqrUl,2k3yN7f2JvolgkJeqBEOkm,1.0
2k3yN7f2JvolgkJeqBEOkm,5Lr3OPBYXtH7H60zFxrcJj,1.0
5Lr3OPBYXtH7H60zFxrcJj,5ilbZNqKZBdqs3nPiBXPIC,1.0
5ilbZNqKZBdqs3nPiBXPIC,0PldjOTKRt45S9MrLnlwVM,1.0
0PldjOTKRt45S9MrLnlwVM,4ZUQEqnfEaURkBl1bfKjFr,1.0
4ZUQEqnfEaURkBl1bfKjFr,0SSYId9APdlTyWRwcXPky3,1.0
2FKsGoYghIBDdxsXXBIfJg,5Lr3OPBYXtH7H60zFxrcJj,1.0
5Lr3OPBYXtH7H60zFxrcJj,11pl6qHKCuujdtnyGOI8Fi,1.0
11pl6qHKCuujdtnyGOI8Fi,2T64m94VBrsEISkAYq6Cnq,1.0
6bvLGK66JBU3zBWtJYZ3uM,2JEdPACPOWnh9VsnlmCtsl,1.0
4ZUQEqnfEaURkBl1bfKjFr,4ZUQEqnfEaURkBl1bfKjFr,1.0
4ZUQEqnfEaURkBl1bfKjFr,2FKsGoYghIBDdxsXXBIfJg,1.0
2FKsGoYghIBDdxsXXBIfJg,2T64m94VBrsEISkAYq6Cnq,1.0
2T64m94VBrsEISkAYq6Cnq,3C0MutR5mQHmrnWEYUWbdR,1.0
3C0MutR5mQHmrnWEYUWbdR,58yWJFglBzvZ7Zao70lGtJ,1.0
58yWJFglBzvZ7Zao70lGtJ,4Y0Lpgb5pt4o18fkFh2mVk,1.0
4Y0Lpgb5pt4o18fkFh2mVk,0siH4BEjWLnRybz0KyXrlw,1.0
0siH4BEjWLnRybz0KyXrlw,5A0NEY8GOCB3ErRSRPpY72,1.0
5A0NEY8GOCB3ErRSRPpY72,4quXxJKfxEbFA4NiKDiZny,1.0
4quXxJKfxEbFA4NiKDiZny,0SFGeQL6FzJVMYXVxbCZuD,1.0
0SFGeQL6FzJVMYXVxbCZuD,5vYuPLbrCpmp1raSasDnjC,1.0
5vYuPLbrCpmp1raSasDnjC,6CVL5C50pahDxGdNaq5jti,1.0
6CVL5C50pahDxGdNaq5jti,2Knsib61KKfoEYIaBdwE0t,1.0
5rgoXdqJ2kHbnIkJY53BTg,6BvtitRX5lQC87YlA6rq0n,1.0
6BvtitRX5lQC87YlA6rq0n,01AJvnKOeHtFe9stZ7AGfm,1.0
01AJvnKOeHtFe9stZ7AGfm,5OUTFH5acycdnf8OVo21Gv,1.0
1wzXGFJ3CQobC3KKyYBRZz,2UGyvlaEcpnXfII08jcco4,1.0
2UGyvlaEcpnXfII08jcco4,4ZUQEqnfEaURkBl1bfKjFr,1.0
4ZUQEqnfEaURkBl1bfKjFr,4jU3iYHWpre263nlEhqrUl,1.0
4jU3iYHWpre263nlEhqrUl,5Lr3OPBYXtH7H60zFxrcJj,1.0
5Lr3OPBYXtH7H60zFxrcJj,11pl6qHKCuujdtnyGOI8Fi,1.0
2FKsGoYghIBDdxsXXBIfJg,5liT25TGynubg8APAUzUqC,1.0
5liT25TGynubg8APAUzUqC,18LE5EslSQkAlj3GeNM8SL,1.0
18LE5EslSQkAlj3GeNM8SL,3MnwLa9KRUiv2gNFtWPvib,1.0
3ipzZgH1766XXRamVwk1Iw,709QaosRPmtQ3NbpirJeWn,1.0
709QaosRPmtQ3NbpirJeWn,4ZUQEqnfEaURkBl1bfKjFr,1.0
4ZUQEqnfEaURkBl1bfKjFr,5dhYmSVGhAVVSf5uTwj7hv,1.0
5dhYmSVGhAVVSf5uTwj7hv,4DD08d0HLC2TxUKfTTj39F,1.0
4DD08d0HLC2TxUKfTTj39F,3QVu5yFeifgUwpX35PFrmx,1.0
3QVu5yFeifgUwpX35PFrmx,0sTe65yZkeWA3COxE0lHq4,1.0
0sTe65yZkeWA3COxE0lHq4,4htrQYWuhYis2w8DqLhpoU,1.0
4htrQYWuhYis2w8DqLhpoU,7I633Kjfnn8TQLBvnffQ4q,1.0
7I633Kjfnn8TQLBvnffQ4q,5dcZUsgcMW57ju0A379O7c,1.0
5dcZUsgcMW57ju0A379O7c,0PV1TFUMTBrDETzW6KQulB,1.0
5cfIibuUGxlrdXcNaWmAnQ,6WBzCRqjK96aKBvKiIyiZO,1.0
6WBzCRqjK96aKBvKiIyiZO,3z40poMPmOkS6799tbXGKz,1.0
3z40poMPmOkS6799tbXGKz,4MbV8zrWudQflnbiIzp29t,1.0
4MbV8zrWudQflnbiIzp29t,3MnwLa9KRUiv2gNFtWPvib,1.0
3MnwLa9KRUiv2gNFtWPvib,7EhEPcPa60LlvGuG9R1DOx,1.0
6mBbycgdWgHMPNyJLCEoW6,0SFGeQL6FzJVMYXVxbCZuD,1.0
0SFGeQL6FzJVMYXVxbCZuD,0TACyW6ygrDnma7UVOL4Nn,1.0
0TACyW6ygrDnma7UVOL4Nn,7odIekt1GqLVEAAWdnd9mJ,1.0
7odIekt1GqLVEAAWdnd9mJ,7ujucw8kFBPIy9mz7DlmAq,1.0
7pda6TLAbVGxUjIUtbiNt0,4ZUQEqnfEaURkBl1bfKjFr,1.0
4ZUQEqnfEaURkBl1bfKjFr,5Lr3OPBYXtH7H60zFxrcJj,1.0
5Lr3OPBYXtH7H60zFxrcJj,2uB9gUU1HLnHckvK2tylJM,1.0
2uB9gUU1HLnHckvK2tylJM,38QLhjzeD6N4QXyhep46Yi,1.0
38QLhjzeD6N4QXyhep46Yi,3QbxssGJGFOvHEk6t6l3x7,1.0
4gT3mNJA8lnlkYFqGZ8IA2,5nMfIpT4sBRTjrNwhHKZxE,1.0
5nMfIpT4sBRTjrNwhHKZxE,0nDyuRDSaYF0Zf9XHpKFsU,1.0
0nDyuRDSaYF0Zf9XHpKFsU,7EXv6YemPlpZGRBVb63Sjw,1.0
7EXv6YemPlpZGRBVb63Sjw,4fIGn62i1gtuzsi9Bzgxed,1.0
5zwz05jkQVT68CjUpPwFZe,4l6Ni4ym9y3am94yvuKHcY,1.0
4l6Ni4ym9y3am94yvuKHcY,6wbDqobV3CSsfX8jKB9KrF,1.0
6wbDqobV3CSsfX8jKB9KrF,2RxfVCY2Wz34sNp3lD3PEh,1.0
2RxfVCY2Wz34sNp3lD3PEh,7zBkFHiWejDPxIimU8XpVw,1.0
4LU0uQ98HCTS8aAIE1Spm4,6BBHu0wwIQZoqoPsrG7Bgz,1.0
6BBHu0wwIQZoqoPsrG7Bgz,2CsnpBAB8VQMTyPuws57ao,1.0
2CsnpBAB8VQMTyPuws57ao,4XTapkMqPyPXi9nkWEggSj,1.0
4XTapkMqPyPXi9nkWEggSj,1Gcg62WCWynIyjilpHFYTJ,1.0
65AlgPHDARtfr3eaAlLIPZ,7dzbVaqqxKm9DNTg2dP8fh,1.0
7dzbVaqqxKm9DNTg2dP8fh,2KoCG3sdnhVsxio2GQH34w,1.0
2KoCG3sdnhVsxio2GQH34w,2akzXyt7EnYgDd7WSkqZts,1.0
2akzXyt7EnYgDd7WSkqZts,5Fse8BFC410yZ4kpVqBCHt,1.0
5Fse8BFC410yZ4kpVqBCHt,6rpi77GqamZNoltbZ5ksdi,1.0
6rpi77GqamZNoltbZ5ksdi,0fDFzVTG8c2fW9EM5f1RHM,1.0
0fDFzVTG8c2fW9EM5f1RHM,49vzuiR9YheTFslIuO4JRV,1.0
49vzuiR9YheTFslIuO4JRV,4hSfY4G2SIUlwGViX1ve6J,1.0
1P3eYnB5KiF4S2qZ7iQnOP,4P9qJdsEiLntnK2LWJEq0u,1.0
4P9qJdsEiLntnK2LWJEq0u,2HjukRh8jwoQm3MAuqwpib,1.0
2HjukRh8jwoQm3MAuqwpib,3SF18NZ8KPmzj0SrfMiDON,1.0
3SF18NZ8KPmzj0SrfMiDON,7dWKEpQvhLoMbydgwhFDed,1.0
7dWKEpQvhLoMbydgwhFDed,4NcYXkAAvldlvl7esKz5A3,1.0
4NcYXkAAvldlvl7esKz5A3,3t6nSGHd43N2ixrq7Sqopx,1.0
3t6nSGHd43N2ixrq7Sqopx,2akzXyt7EnYgDd7WSkqZts,1.0
2akzXyt7EnYgDd7WSkqZts,41bN3RpdiA7tpEGDE5v7p9,1.0
41bN3RpdiA7tpEGDE5v7p9,3I8yVFjvJoOBM9tX4ZpxEL,1.0
3I8yVFjvJoOBM9tX4ZpxEL,4EpZ4eYuZOwPSSwyqpdHnJ,1.0
4EpZ4eYuZOwPSSwyqpdHnJ,0O7suHWzayeSF2JnrAa1Ki,1.0
4LU0uQ98HCTS8aAIE1Spm4,5bx0tMIUHBVBtfcZjo2iab,1.0
1EgP6eOd0BdRQ9qYWwdjPu,4P9qJdsEiLntnK2LWJEq0u,1.0
20JilESvlybuZ3zYdMjtWb,7EhEPcPa60LlvGuG9R1DOx,1.0
7EhEPcPa60LlvGuG9R1DOx,5p7GiBZNL1afJJDUrOA6C8,1.0
5p7GiBZNL1afJJDUrOA6C8,0q3e8Pgy4sgy1dzq5JIWVC,1.0
0q3e8Pgy4sgy1dzq5JIWVC,1HGSEG87jSSNAjUZWTFE1y,1.0
4Z9npQ93MrnIkRcTBKwSa3,7f1UEGMBMuXfLBP5XANfrW,1.0
7f1UEGMBMuXfLBP5XANfrW,5PZvQeHocidnZ73a3pHO76,1.0
7IaeaANjkiPKMLlHtgeE7T,4MIPpjKWw1lLVwS6tLhis1,1.0
4MIPpjKWw1lLVwS6tLhis1,1d7WWJgcdqPVpcatkvL32a,1.0
1d7WWJgcdqPVpcatkvL32a,2oG9fcjgnJ8BgNtRCNRMnO,1.0
58drL48d8lSmr8I5ZIQo5C,1vMM8ZJL9T2XHSwo7V5aL5,1.0
1vMM8ZJL9T2XHSwo7V5aL5,0bmNKwiulIaG8OSMtcuMbV,1.0
6LdMXBL9RHbXWtZQ8GJCWs,6o9XlNBrB90h21gxnfN9tF,1.0
6o9XlNBrB90h21gxnfN9tF,4oeGuoefx9dkbRq19sKZwL,1.0
4oeGuoefx9dkbRq19sKZwL,7IoVZ7yynM2uKQOTR0s0Ua,1.0
7IoVZ7yynM2uKQOTR0s0Ua,6bwCLBbmmnuxjzCMOt3zfX,1.0
6bwCLBbmmnuxjzCMOt3zfX,18ARUyYMqmBfXbp1EX1K7f,1.0
18ARUyYMqmBfXbp1EX1K7f,4Xwst646GZhwqwBI7QTqIP,1.0
4Xwst646GZhwqwBI7QTqIP,2QmTRlRynfRIj7HQOaB8Zu,1.0
2QmTRlRynfRIj7HQOaB8Zu,3ZB4h7rWKKIMC06EzFiuE9,1.0
3ZB4h7rWKKIMC06EzFiuE9,3okj5Ww1BYh7k5VsBFXUw3,1.0
3okj5Ww1BYh7k5VsBFXUw3,20KoZCmyHM38j0IEv5gtOM,1.0
2UOYzhusMTypF7oAQwksCj,5n4FL8FgHZQaJ2GuwMN9F8,1.0
5n4FL8FgHZQaJ2GuwMN9F8,6CVL5C50pahDxGdNaq5jti,1.0
5liT25TGynubg8APAUzUqC,2UsREIjT72ZEZnhdvpyg7R,1.0
2UsREIjT72ZEZnhdvpyg7R,6H60oowae4VVDEQrr9nkEE,1.0
5rgoXdqJ2kHbnIkJY53BTg,7vKG1DfryZiZiTX2KVFTz8,1.0
7vKG1DfryZiZiTX2KVFTz8,2MkFXCcdvVl0LkZmFQ5vYK,1.0
2MkFXCcdvVl0LkZmFQ5vYK,74ekur2cSq38RshtjzNMAX,1.0
5j438KPaeRPVh2zLORm9El,2WxzLbJfPA2vJGxQiKd7Jq,1.0
2WxzLbJfPA2vJGxQiKd7Jq,1cAb9XONoH6kGAIQKE7Sxl,1.0
1cAb9XONoH6kGAIQKE7Sxl,6bwCLBbmmnuxjzCMOt3zfX,1.0
6bwCLBbmmnuxjzCMOt3zfX,3ToO9EBuxj9gOgA5ZWbzJU,1.0
3ToO9EBuxj9gOgA5ZWbzJU,1B5BfvGVQ5fPtDN2K8tUdy,1.0
1B5BfvGVQ5fPtDN2K8tUdy,5pxtdhLAi0RTh1gNqhGMNA,1.0
5pxtdhLAi0RTh1gNqhGMNA,1FgDXkEcfp49bSrNSM8jzS,1.0
1FgDXkEcfp49bSrNSM8jzS,250jCVNYW5p5Y0vqJHMWp3,1.0
3I0FBDc1c1BLNtXWKVjmFg,6bwCLBbmmnuxjzCMOt3zfX,1.0
6bwCLBbmmnuxjzCMOt3zfX,1vMM8ZJL9T2XHSwo7V5aL5,1.0
1vMM8ZJL9T2XHSwo7V5aL5,7EhEPcPa60LlvGuG9R1DOx,1.0
7EhEPcPa60LlvGuG9R1DOx,6qVIpO8deDeTixa0JEaSaV,1.0
6qVIpO8deDeTixa0JEaSaV,6zFGUtz32LeyyUyLyzimHT,1.0
0Eqm7hD828cATBLUx2fJox,4ZUQEqnfEaURkBl1bfKjFr,1.0
1wUqPSPW6NOskhRHhIf9uU,0r1sOGFlp5or50ez2NQr95,1.0
1vMM8ZJL9T2XHSwo7V5aL5,35FrTrB3SRaSuz94x9SxRD,1.0
35FrTrB3SRaSuz94x9SxRD,5MYFw4T2gy52pOGBN4EYHS,1.0
5MYFw4T2gy52pOGBN4EYHS,2T64m94VBrsEISkAYq6Cnq,1.0
2T64m94VBrsEISkAYq6Cnq,2FKsGoYghIBDdxsXXBIfJg,1.0
2FKsGoYghIBDdxsXXBIfJg,4jaEiBXMjgpAtsFM2zBYEB,1.0
4jaEiBXMjgpAtsFM2zBYEB,1dVv3gEVfJPMLFV0h06YGa,1.0
0SFGeQL6FzJVMYXVxbCZuD,6vB49BJ70zBpDrrAPwdaB8,1.0
6vB49BJ70zBpDrrAPwdaB8,0IabpxMpUV7waD7U4uDIMJ,1.0
0IabpxMpUV7waD7U4uDIMJ,0YbrkoCuUsPE6TmHHh5jCc,1.0
6x5McRbMI9YHEHjyrDU9Gv,1vMM8ZJL9T2XHSwo7V5aL5,1.0
1vMM8ZJL9T2XHSwo7V5aL5,3aQBfSWXGiEB6zxMpyhjoO,1.0
3aQBfSWXGiEB6zxMpyhjoO,58a6J0DhgpUYr8SUeUV5hP,1.0
5IIq5uEYpUZoSjTEjqn7q1,1vMM8ZJL9T2XHSwo7V5aL5,1.0
1vMM8ZJL9T2XHSwo7V5aL5,5bx0tMIUHBVBtfcZjo2iab,1.0
5bx0tMIUHBVBtfcZjo2iab,5uqphUYsR45kPYplrYSAQh,1.0
4YOhKKf8uV00LY7pvRqxQd,6JZv5f9ufV0Uz7VbGpd2DL,1.0
6JZv5f9ufV0Uz7VbGpd2DL,6CVL5C50pahDxGdNaq5jti,1.0
6CVL5C50pahDxGdNaq5jti,3URWGCvAnCRcubeee7iHI6,1.0
3URWGCvAnCRcubeee7iHI6,35iNiYHSzx3sv6XuqYh8HJ,1.0
35iNiYHSzx3sv6XuqYh8HJ,2prHMFvkekTqqFdB5r6QJJ,1.0
5hqh0JUxRShhqdaxu7wlz5,6ncNLU982iaD9WFb2gTwKd,1.0
6ncNLU982iaD9WFb2gTwKd,5p7GiBZNL1afJJDUrOA6C8,1.0
5p7GiBZNL1afJJDUrOA6C8,3n69hLUdIsSa1WlRmjMZlW,1.0
3n69hLUdIsSa1WlRmjMZlW,0XZuJoI7RvGFs3aJW8xtpf,1.0
0XZuJoI7RvGFs3aJW8xtpf,5PzI6dj2toTCnNU3XAVUEa,1.0
5PzI6dj2toTCnNU3XAVUEa,2OQ1V0e2O56AeIo4ywuYKF,1.0
2OQ1V0e2O56AeIo4ywuYKF,0KvyxPJcQNG3d2Tg0LUgjI,1.0
0KvyxPJcQNG3d2Tg0LUgjI,23zxnTDMZ1pidA91AUawNU,1.0
23zxnTDMZ1pidA91AUawNU,17oVkf8vcwXprwqaiSwxTp,1.0
0SFGeQL6FzJVMYXVxbCZuD,2mR7rBYfObmaGrQWHIBQHv,1.0
2mR7rBYfObmaGrQWHIBQHv,3DiCcOpGyqBzd2MDoUnD6K,1.0
3DiCcOpGyqBzd2MDoUnD6K,2TuPUfLZ89N6ZtiSrKDRLC,1.0
2TuPUfLZ89N6ZtiSrKDRLC,4bSwsbPYuBWEiwhAiHy8Ti,1.0
5PzI6dj2toTCnNU3XAVUEa,40IQooNkPRVtn4zlE3ZFpA,1.0
40IQooNkPRVtn4zlE3ZFpA,3JaQQnAGa5pIqhqSiA7r2f,1.0
3JaQQnAGa5pIqhqSiA7r2f,3IZLJpA5FugqynOBT2SeJy,1.0
3IZLJpA5FugqynOBT2SeJy,5p7GiBZNL1afJJDUrOA6C8,1.0
3yg7fx2DVjbQRLoROq3wA8,4aMQF9lO4bGHrLI66geI8E,1.0
4aMQF9lO4bGHrLI66geI8E,49fueUd2ik003xurF75RB6,1.0
49fueUd2ik003xurF75RB6,1yPqFsT2aV7BhE21KPn6k2,1.0
1yPqFsT2aV7BhE21KPn6k2,705u4LfXcTBuDOB8UCy0A7,1.0
705u4LfXcTBuDOB8UCy0A7,5jq3Lzz8Y4ROTFlOyMQYdW,1.0
5jq3Lzz8Y4ROTFlOyMQYdW,61yfA2rLdxuaBncErNPnBY,1.0
61yfA2rLdxuaBncErNPnBY,3uRaZv4CNiiNNnR7hGw5r9,1.0
3uRaZv4CNiiNNnR7hGw5r9,5p7GiBZNL1afJJDUrOA6C8,1.0
3elZjWWqIVijinJPXVzO4E,1vMM8ZJL9T2XHSwo7V5aL5,1.0
1vMM8ZJL9T2XHSwo7V5aL5,20KoZCmyHM38j0IEv5gtOM,1.0
0qrYU79JEkJeN7EcQBhsaH,1jzIJcHCXneHw7ojC6LXiF,1.0
1jzIJcHCXneHw7ojC6LXiF,1fb6b2Mas9q2mWxJazzeRI,1.0
0zLClc0emc6qUeV1p5nc99,4u9azc3KmnO5Y7P6dvUunn,1.0
4u9azc3KmnO5Y7P6dvUunn,6bwCLBbmmnuxjzCMOt3zfX,1.0
5nAAagpXyHsLOiT4VaTHQk,3yg7fx2DVjbQRLoROq3wA8,1.0
2kpwzDrLK5KoIk1S5wftX7,1jzIJcHCXneHw7ojC6LXiF,1.0
1jzIJcHCXneHw7ojC6LXiF,624w3LZtZ5Ij0N5LxhV5jx,1.0
624w3LZtZ5Ij0N5LxhV5jx,6i6cWTCYBOKEdJnWjzm2yk,1.0
6i6cWTCYBOKEdJnWjzm2yk,2aDxbLGzbGA2brS6QvZSvD,1.0
2aDxbLGzbGA2brS6QvZSvD,5uqphUYsR45kPYplrYSAQh,1.0
5uqphUYsR45kPYplrYSAQh,7hsulgRNgbyczeAg8tChCB,1.0
7hsulgRNgbyczeAg8tChCB,3DiCcOpGyqBzd2MDoUnD6K,1.0
3DiCcOpGyqBzd2MDoUnD6K,6fUHMhwKBSmetq2T1PvCKK,1.0
6fUHMhwKBSmetq2T1PvCKK,3ZYwSDF9knZI0RVlKR4PHC,1.0
3ZYwSDF9knZI0RVlKR4PHC,3HgA5R5alihocnOYE9ihpS,1.0
3HgA5R5alihocnOYE9ihpS,2BuBXn15gj4MNYZydyWgrk,1.0
2BuBXn15gj4MNYZydyWgrk,5nVK2UTeK0vJYePgxOjFPz,1.0
5nVK2UTeK0vJYePgxOjFPz,4mK0JRfaDrdNpYDPV6SFHp,1.0
4mK0JRfaDrdNpYDPV6SFHp,7yflDT7Hm2j9Y8BFqf5IqT,1.0
7yflDT7Hm2j9Y8BFqf5IqT,7gYtzSmzGgpO0WygzfJroD,1.0
300DUx4tdtCdGEUXR032jA,2IwBYAfqI7e1RRB8iJAW6J,1.0
2IwBYAfqI7e1RRB8iJAW6J,1vMM8ZJL9T2XHSwo7V5aL5,1.0
1vMM8ZJL9T2XHSwo7V5aL5,2T64m94VBrsEISkAYq6Cnq,1.0
2T64m94VBrsEISkAYq6Cnq,297rZsBEjFw9d0Gl3iBLnd,1.0
297rZsBEjFw9d0Gl3iBLnd,297rZsBEjFw9d0Gl3iBLnd,1.0
3HNKZy1An5Jlnb02lcV2yd,3kBofOTKMUZ62a311eUwvx,1.0
3kBofOTKMUZ62a311eUwvx,0T1hQWoeHLABtNE0gpPCd0,1.0
5dcZUsgcMW57ju0A379O7c,3UyfbleQaK7IJJQ1KGypve,1.0
3UyfbleQaK7IJJQ1KGypve,5wDyH8jsJYgqmmvanjG39y,1.0
5wDyH8jsJYgqmmvanjG39y,4HXVMitN3qROrmtpF5Xxbe,1.0
2pPRz9cjsHA1c3btxc9VTu,2d88z429rNcKlyZBcBZTd8,1.0
2d88z429rNcKlyZBcBZTd8,6LfrD6oK9sCEPjtIzKjLUM,1.0
6LfrD6oK9sCEPjtIzKjLUM,2oJwXqXI3MKfyrwU8y5ca3,1.0
7wEGeUzpPNnHKfOtSgYjG4,0lOqhq1F1X3h5z6G0aPHxz,1.0
0lOqhq1F1X3h5z6G0aPHxz,4qiuU8X6v2Bimr3lBjS98N,1.0
7sij1RXUTjEBZEkGGtWgxR,1ZSISWL2hfHU6zzuND0ZUg,1.0
1ZSISWL2hfHU6zzuND0ZUg,1qsGi9LxxoNVMMP6WrWpge,1.0
1WIZiOuNO3woKfdlSK2gNn,3QCkvCkKJjkRTngZRM5wVJ,1.0
3QCkvCkKJjkRTngZRM5wVJ,3MnwLa9KRUiv2gNFtWPvib,1.0
3MnwLa9KRUiv2gNFtWPvib,7HBtUA2lj3ljwCRVYsucmO,1.0
7HBtUA2lj3ljwCRVYsucmO,5cZpwmXGzDvBDX9Iv6wXzx,1.0
5cZpwmXGzDvBDX9Iv6wXzx,1vMM8ZJL9T2XHSwo7V5aL5,1.0
1vMM8ZJL9T2XHSwo7V5aL5,7vlX33qkhVUSMUe0wpTOyc,1.0
7vlX33qkhVUSMUe0wpTOyc,65AlgPHDARtfr3eaAlLIPZ,1.0
65AlgPHDARtfr3eaAlLIPZ,5dkBnMAwG59Ihz8d6TyJ4T,1.0
5dkBnMAwG59Ihz8d6TyJ4T,4HA4lfsAf9h1loCFZVs40D,1.0
4HA4lfsAf9h1loCFZVs40D,3HgA5R5alihocnOYE9ihpS,1.0
3HgA5R5alihocnOYE9ihpS,6wwPtKxaMEbQYc6atQmhTE,1.0
6wwPtKxaMEbQYc6atQmhTE,6e1Vn7zlOKQ14SdOfAZlpS,1.0
6e1Vn7zlOKQ14SdOfAZlpS,2JEdPACPOWnh9VsnlmCtsl,1.0
5j438KPaeRPVh2zLORm9El,0T1hQWoeHLABtNE0gpPCd0,1.0
0T1hQWoeHLABtNE0gpPCd0,2OAOS8qkuKu5Kd8TvA5BAA,1.0
2OAOS8qkuKu5Kd8TvA5BAA,1wUqPSPW6NOskhRHhIf9uU,1.0
1wUqPSPW6NOskhRHhIf9uU,1QC3bGiNFPq8zVI2Q7oqUS,1.0
1QC3bGiNFPq8zVI2Q7oqUS,67nRofeeMvysUeO4FxB6tL,1.0
67nRofeeMvysUeO4FxB6tL,6em5UF32ahwLxtW1DxIQnf,1.0
6em5UF32ahwLxtW1DxIQnf,4MIPpjKWw1lLVwS6tLhis1,1.0
4MIPpjKWw1lLVwS6tLhis1,013t8z7lftwaiyWpzTdvNj,1.0
1jhluel6ujMGZirTF9aBWN,291Hmqlt06KMjGhQOqmSyT,1.0
7EhEPcPa60LlvGuG9R1DOx,5QnxFSR9HJQPqCza567s92,1.0
5QnxFSR9HJQPqCza567s92,1jzIJcHCXneHw7ojC6LXiF,1.0
1jzIJcHCXneHw7ojC6LXiF,43wNrzFHDA2tdz0kSQpkwJ,1.0
2AuBG5qPspUXiwE02r6nVP,0T1hQWoeHLABtNE0gpPCd0,1.0
0T1hQWoeHLABtNE0gpPCd0,5azJUob8ahbXB3M9YFwTpd,1.0
5azJUob8ahbXB3M9YFwTpd,2MQHi2is5NPRSBLcHGB2Fu,1.0
4r0GVpjSsKSR1biv4fOoa5,0T1hQWoeHLABtNE0gpPCd0,1.0
0T1hQWoeHLABtNE0gpPCd0,295X1Unp68kEphhkqdmibY,1.0
295X1Unp68kEphhkqdmibY,1PmcgX9McGp23a5X74XvN1,1.0
0q3e8Pgy4sgy1dzq5JIWVC,2RGe02P8xxSF9syj0ltPjX,1.0
2RGe02P8xxSF9syj0ltPjX,5WQ51za703KiiBqWjF54Nm,1.0
5WQ51za703KiiBqWjF54Nm,7tk5tOCj84jine8kKJkPYs,1.0
7tk5tOCj84jine8kKJkPYs,71lyUtIPCMAYjTwwwxy2jW,1.0
3tuDCFSxG2W6XIJKhS0hcX,7IaeaANjkiPKMLlHtgeE7T,1.0
0T1hQWoeHLABtNE0gpPCd0,45oLZUwnqTfAUoPAZoXC0V,1.0
45oLZUwnqTfAUoPAZoXC0V,6bwCLBbmmnuxjzCMOt3zfX,1.0
6bwCLBbmmnuxjzCMOt3zfX,7wMF1q8o1ETedbE0eIdzz3,1.0
7wMF1q8o1ETedbE0eIdzz3,3TZ3MrnTDMGk9dAqlxhI5Y,1.0
3TZ3MrnTDMGk9dAqlxhI5Y,3gitnIG4W2v3BxlXbgpR5a,1.0
1BzieLRofBXPu929krCMF4,297rZsBEjFw9d0Gl3iBLnd,1.0
297rZsBEjFw9d0Gl3iBLnd,0rBMP6VVGRgwnzZCLpijyl,1.0
0rBMP6VVGRgwnzZCLpijyl,749mPYdePHdjsfucRBz1Ow,1.0
749mPYdePHdjsfucRBz1Ow,0sxnHAUPHTFAqRLTLuVoTz,1.0
297rZsBEjFw9d0Gl3iBLnd,0sTe65yZkeWA3COxE0lHq4,1.0
297rZsBEjFw9d0Gl3iBLnd,1WIZiOuNO3woKfdlSK2gNn,1.0
1WIZiOuNO3woKfdlSK2gNn,2WxzLbJfPA2vJGxQiKd7Jq,1.0
2WxzLbJfPA2vJGxQiKd7Jq,0SFGeQL6FzJVMYXVxbCZuD,1.0
0SFGeQL6FzJVMYXVxbCZuD,1xqjVSf805b9yLbjybmfXb,1.0
1xqjVSf805b9yLbjybmfXb,6wbDqobV3CSsfX8jKB9KrF,1.0
6wbDqobV3CSsfX8jKB9KrF,5PZvQeHocidnZ73a3pHO76,1.0
5PZvQeHocidnZ73a3pHO76,1gMDcG1YDw5Ib1BS8Op9S3,1.0
5hYEaLnayI7QbBV9vXyu5Y,04KU6LUw1nvRRWoZap8s3x,1.0
04KU6LUw1nvRRWoZap8s3x,1WIZiOuNO3woKfdlSK2gNn,1.0
1WIZiOuNO3woKfdlSK2gNn,5sjzLQ4HkvwzxCYJPnSR9Y,1.0
297rZsBEjFw9d0Gl3iBLnd,297rZsBEjFw9d0Gl3iBLnd,1.0
2q2EAq1UZQGenqXZgBkLbu,0T1hQWoeHLABtNE0gpPCd0,1.0
7IaeaANjkiPKMLlHtgeE7T,3MnwLa9KRUiv2gNFtWPvib,1.0
3MnwLa9KRUiv2gNFtWPvib,3JQSLbov32rTtgzhrnRIrp,1.0
1fJELcAJZwkSgAsQJMt1xW,1D9AUeF9jnbIYghN2lSxIz,1.0
1D9AUeF9jnbIYghN2lSxIz,1uyts822ReHsMUiEpVSQn0,1.0
1WIZiOuNO3woKfdlSK2gNn,0XMJORJKm4q3iorGAtcait,1.0
0XMJORJKm4q3iorGAtcait,52eYVUkFTOVozbVFIaFrnV,1.0
52eYVUkFTOVozbVFIaFrnV,2ygggLogRbCSGvRHH77lrN,1.0
2ygggLogRbCSGvRHH77lrN,3FQCunuHk5y4T1FLnlH3Fb,1.0
3FQCunuHk5y4T1FLnlH3Fb,1TquBahz02HCaxj8jy5tTo,1.0
1TquBahz02HCaxj8jy5tTo,17JA4HlieSH7TY3pQk21MJ,1.0
6axU2kItgEGSXqsOAIpMI4,2AuBG5qPspUXiwE02r6nVP,1.0
4MIPpjKWw1lLVwS6tLhis1,0tl1YKku4Lh8XEb5VGyYby,1.0
5Lr3OPBYXtH7H60zFxrcJj,297rZsBEjFw9d0Gl3iBLnd,1.0
11pl6qHKCuujdtnyGOI8Fi,0HOq63A8H2BMIJzGFdWs79,1.0
0HOq63A8H2BMIJzGFdWs79,5k3fT4ylXfQpE2M29sP3iL,1.0
5k3fT4ylXfQpE2M29sP3iL,3YeMropKuuqqfrGvj00uux,1.0
3YeMropKuuqqfrGvj00uux,624w3LZtZ5Ij0N5LxhV5jx,1.0
624w3LZtZ5Ij0N5LxhV5jx,32WDVNZXIAuu7EqncTTKjH,1.0
32WDVNZXIAuu7EqncTTKjH,0aocB2ukxn2Gy663wEEW3j,1.0
0aocB2ukxn2Gy663wEEW3j,18rQjB8xZ46yx4ZXbytc18,1.0
18rQjB8xZ46yx4ZXbytc18,2UOYzhusMTypF7oAQwksCj,1.0
2UOYzhusMTypF7oAQwksCj,5p7GiBZNL1afJJDUrOA6C8,1.0
5p7GiBZNL1afJJDUrOA6C8,6ncNLU982iaD9WFb2gTwKd,1.0
6ncNLU982iaD9WFb2gTwKd,1jzIJcHCXneHw7ojC6LXiF,1.0
1jzIJcHCXneHw7ojC6LXiF,0f8iBoM9o3cX7EfQK2mDeR,1.0
0f8iBoM9o3cX7EfQK2mDeR,1WIZiOuNO3woKfdlSK2gNn,1.0
1UbIqeYWepeKoIt399UUTI,297rZsBEjFw9d0Gl3iBLnd,1.0
4MHohgE9X88aWGZ5l9eZYI,7lhkOb0VNnTlshwifCEoSr,1.0
1WcwRRRaRSjwiVUJpgBu7m,7LBdv0ek7Tj2s0bgxmlrC6,1.0
7LBdv0ek7Tj2s0bgxmlrC6,624w3LZtZ5Ij0N5LxhV5jx,1.0
624w3LZtZ5Ij0N5LxhV5jx,0SFGeQL6FzJVMYXVxbCZuD,1.0
0SFGeQL6FzJVMYXVxbCZuD,1N9WgSJAca6uaXFHTktS97,1.0
1N9WgSJAca6uaXFHTktS97,6A77hHt5ZlRNkvQr7kCTxX,1.0
6A77hHt5ZlRNkvQr7kCTxX,5n4FL8FgHZQaJ2GuwMN9F8,1.0
5n4FL8FgHZQaJ2GuwMN9F8,3F1cVurf5O2SBcJvSvY4cq,1.0
3F1cVurf5O2SBcJvSvY4cq,4COMWozkXKYV3K04eznjwQ,1.0
4COMWozkXKYV3K04eznjwQ,2KIPOImBkL2vGTItcM86Nk,1.0
4N6exMSMqY4peFgmppsG89,1wUqPSPW6NOskhRHhIf9uU,1.0
43ile6cBzr9uaC4bJf6J3N,4SnvGQ7wRoFpxPKXmwJJMr,1.0
71lyUtIPCMAYjTwwwxy2jW,3JaQQnAGa5pIqhqSiA7r2f,1.0
2kGMBOPXMtb9gxzVYdplg9,6wbDqobV3CSsfX8jKB9KrF,1.0
6wbDqobV3CSsfX8jKB9KrF,5Lmj1nEkyKxI3Po2a6Dmt3,1.0
5Lmj1nEkyKxI3Po2a6Dmt3,0O7suHWzayeSF2JnrAa1Ki,1.0
0O7suHWzayeSF2JnrAa1Ki,71D8JaDTJU7JDaZHdL5bL4,1.0
71D8JaDTJU7JDaZHdL5bL4,0rVmAzRuch2J8raISV60uM,1.0
4b2rTEG9vXwNYikfSDUdsP,2xxlzD6mWSbDHFEt1K41lX,1.0
2xxlzD6mWSbDHFEt1K41lX,2akzXyt7EnYgDd7WSkqZts,1.0
2akzXyt7EnYgDd7WSkqZts,3t6nSGHd43N2ixrq7Sqopx,1.0
3t6nSGHd43N2ixrq7Sqopx,5cfIibuUGxlrdXcNaWmAnQ,1.0
5cfIibuUGxlrdXcNaWmAnQ,2OQ1V0e2O56AeIo4ywuYKF,1.0
2OQ1V0e2O56AeIo4ywuYKF,2q3CORdIL4VD2nZpjvOzKl,1.0
2q3CORdIL4VD2nZpjvOzKl,3I8yVFjvJoOBM9tX4ZpxEL,1.0
3I8yVFjvJoOBM9tX4ZpxEL,3GWVkWWgn7su8Z06oBjiiX,1.0
3GWVkWWgn7su8Z06oBjiiX,7dzbVaqqxKm9DNTg2dP8fh,1.0
7dzbVaqqxKm9DNTg2dP8fh,65AlgPHDARtfr3eaAlLIPZ,1.0
65AlgPHDARtfr3eaAlLIPZ,1P3eYnB5KiF4S2qZ7iQnOP,1.0
1P3eYnB5KiF4S2qZ7iQnOP,1Gcg62WCWynIyjilpHFYTJ,1.0
1Gcg62WCWynIyjilpHFYTJ,30kqdqML3wCbvJeWxS8iJr,1.0
30kqdqML3wCbvJeWxS8iJr,030DoZfrIHEeKuFNl2RzYV,1.0
030DoZfrIHEeKuFNl2RzYV,6rpi77GqamZNoltbZ5ksdi,1.0
6rpi77GqamZNoltbZ5ksdi,4X4NrHp5VpibgirzuImxXd,1.0
4X4NrHp5VpibgirzuImxXd,4YOhKKf8uV00LY7pvRqxQd,1.0
4YOhKKf8uV00LY7pvRqxQd,297rZsBEjFw9d0Gl3iBLnd,1.0
297rZsBEjFw9d0Gl3iBLnd,01ZEhzcrkUgtTBRjY3GKfC,1.0
01ZEhzcrkUgtTBRjY3GKfC,0SFGeQL6FzJVMYXVxbCZuD,1.0
1wUqPSPW6NOskhRHhIf9uU,3r2CpMRlTWexGhZhQeJtAo,1.0
3r2CpMRlTWexGhZhQeJtAo,2DjzgK2BIsRgIZJfYwMSI0,1.0
2DjzgK2BIsRgIZJfYwMSI0,6HhFgEBHu25b8gy8Bl4eG0,1.0
6HhFgEBHu25b8gy8Bl4eG0,7xCeieHtvKMvtv3KuIEi9y,1.0
1Fjr8nlS8pDTCdHD48t7Nc,1tyAWabZG55PW31Q9aKr4B,1.0
4gT3mNJA8lnlkYFqGZ8IA2,6HhFgEBHu25b8gy8Bl4eG0,1.0
1DxaNpUujd8r0rSiv8uCFA,4riDfclV7kPDT9D58FpmHd,1.0
3bKmTDB7cUoYoRdYoIvcoU,3F0mcxksBp33QrL6oyjvLN,1.0
4IfwO7K8jMmpDDmDqbROTT,2muINSxRnFSMYwYVJReuaf,1.0
2muINSxRnFSMYwYVJReuaf,0x3NcHCHAfv88NPaggax0h,1.0
0x3NcHCHAfv88NPaggax0h,6em5UF32ahwLxtW1DxIQnf,1.0
4htrQYWuhYis2w8DqLhpoU,4gT3mNJA8lnlkYFqGZ8IA2,1.0
4gT3mNJA8lnlkYFqGZ8IA2,0ryUcfZ9p8qMUzYXXAnYLf,1.0
0ryUcfZ9p8qMUzYXXAnYLf,4IfwO7K8jMmpDDmDqbROTT,1.0
4IfwO7K8jMmpDDmDqbROTT,3bJVpDpPWDygulO0moI7bg,1.0
3bJVpDpPWDygulO0moI7bg,4fIGn62i1gtuzsi9Bzgxed,1.0
4fIGn62i1gtuzsi9Bzgxed,1GJr5BQIOvzFEoQlrufunl,1.0
1GJr5BQIOvzFEoQlrufunl,0x3NcHCHAfv88NPaggax0h,1.0
0x3NcHCHAfv88NPaggax0h,23zxnTDMZ1pidA91AUawNU,1.0
3F0mcxksBp33QrL6oyjvLN,7bIXxtS6oLDBNzrQpqHS62,1.0
7bIXxtS6oLDBNzrQpqHS62,6rBSNZMTJGKxuHPbqYTW0L,1.0
4XTapkMqPyPXi9nkWEggSj,3F0mcxksBp33QrL6oyjvLN,1.0
3F0mcxksBp33QrL6oyjvLN,5jZgeKeNDkx6vxad9duCR0,1.0
5jZgeKeNDkx6vxad9duCR0,5HGUspDizYWe0Wiu1zrpO9,1.0
5HGUspDizYWe0Wiu1zrpO9,5DO1SazQppcsKQ1c1JpyQz,1.0
5DO1SazQppcsKQ1c1JpyQz,2OuPR1aeHm3oZcvjarDDow,1.0
2OuPR1aeHm3oZcvjarDDow,5iDz8YQok0VO7Gxp8Pmq41,1.0
4LU0uQ98HCTS8aAIE1Spm4,5FHXxdJeq1iAE9PjDTEgyd,1.0
6gTsB6szFZhzDkVYY1JS9q,4laPr385Muc7JizVBqH8Zr,1.0
4laPr385Muc7JizVBqH8Zr,3FReeuzSopfaMzL1QXbqEa,1.0
3FReeuzSopfaMzL1QXbqEa,3r8vAoisjfEI2eMZSxyrA9,1.0
3r8vAoisjfEI2eMZSxyrA9,1wSLX9nWj4EsvWwv4275HR,1.0
1wSLX9nWj4EsvWwv4275HR,4qiuU8X6v2Bimr3lBjS98N,1.0
4qiuU8X6v2Bimr3lBjS98N,15EPc80XuFrb2LmOzGjuRg,1.0
3T3oG6g4aTqPzvy8bAD6Kw,5xNjB1NBYIp8tqbaqBpFz5,1.0
5xNjB1NBYIp8tqbaqBpFz5,5hLTUkTuiGT7Xf3Hpn36h2,1.0
5hLTUkTuiGT7Xf3Hpn36h2,5nAAagpXyHsLOiT4VaTHQk,1.0
5nAAagpXyHsLOiT4VaTHQk,20KoZCmyHM38j0IEv5gtOM,1.0
20KoZCmyHM38j0IEv5gtOM,0Xcy81PsJCOO6mhLZaQyQ4,1.0
0Xcy81PsJCOO6mhLZaQyQ4,0qtK3XwbuG153dmwB8iepL,1.0
0qtK3XwbuG153dmwB8iepL,6CTG85NJI1Wm60pxTSRNwL,1.0
6CTG85NJI1Wm60pxTSRNwL,0G1ds3IRHW8EutuTbvxyoY,1.0
5IIq5uEYpUZoSjTEjqn7q1,0ryUcfZ9p8qMUzYXXAnYLf,1.0
0ryUcfZ9p8qMUzYXXAnYLf,2JEdPACPOWnh9VsnlmCtsl,1.0
2JEdPACPOWnh9VsnlmCtsl,7f1UEGMBMuXfLBP5XANfrW,1.0
7f1UEGMBMuXfLBP5XANfrW,1mT6bWmDk49SpjrZGC96pa,1.0
0Mg6Z3OP9fwIEPWHXsnufL,3F0mcxksBp33QrL6oyjvLN,1.0
3F0mcxksBp33QrL6oyjvLN,1jzIJcHCXneHw7ojC6LXiF,1.0
1jzIJcHCXneHw7ojC6LXiF,4DDfoUSs7RxDQ7VCngJvl6,1.0
4DDfoUSs7RxDQ7VCngJvl6,2GnE8rMDgfWBwGmwrUbCsQ,1.0
2GnE8rMDgfWBwGmwrUbCsQ,4KZLbMbASytdXWpapXWiF8,1.0
4KZLbMbASytdXWpapXWiF8,0yZYzvcDYJBwSvXCBOCXwX,1.0
0yZYzvcDYJBwSvXCBOCXwX,1xnFehdZTw9cDV748PeOVb,1.0
1xnFehdZTw9cDV748PeOVb,5XwrvPj9TE6z5id5TJxLql,1.0
5XwrvPj9TE6z5id5TJxLql,6s8uBC9oil1lRT31fbbLW9,1.0
5j0Ib2sSrUH2pMeHQvDLCn,4R5bSS8yoCl2czeWLr61aO,1.0
4R5bSS8yoCl2czeWLr61aO,5ENONIeczKgWYF7xuhDhuK,1.0
5ENONIeczKgWYF7xuhDhuK,1EgP6eOd0BdRQ9qYWwdjPu,1.0
1EgP6eOd0BdRQ9qYWwdjPu,0301nLjG0ti26rx5ZmfqtP,1.0
0301nLjG0ti26rx5ZmfqtP,6cYcmU2Z49Xvjd4diPlByG,1.0
6cYcmU2Z49Xvjd4diPlByG,18LE5EslSQkAlj3GeNM8SL,1.0
18LE5EslSQkAlj3GeNM8SL,5FX89IUKm9QJT9ymrmyK4k,1.0
5FX89IUKm9QJT9ymrmyK4k,0qe0REpyueaBakSU0JA7o9,1.0
0qe0REpyueaBakSU0JA7o9,3YpZCyr3OOQsASKaUUzrQ2,1.0
3YpZCyr3OOQsASKaUUzrQ2,5pxtdhLAi0RTh1gNqhGMNA,1.0
1jzIJcHCXneHw7ojC6LXiF,32WDVNZXIAuu7EqncTTKjH,1.0
3zKQ7LvEHjW3v1e2MTBxU0,7jAxGkXU58FwNMjqoMahn7,1.0
7jAxGkXU58FwNMjqoMahn7,297rZsBEjFw9d0Gl3iBLnd,1.0
5Zo1aVDw6qLTQef5q2cJO1,5zwz05jkQVT68CjUpPwFZe,1.0
5zwz05jkQVT68CjUpPwFZe,35FrTrB3SRaSuz94x9SxRD,1.0
35FrTrB3SRaSuz94x9SxRD,5liT25TGynubg8APAUzUqC,1.0
5vYuPLbrCpmp1raSasDnjC,6MDLO5bi8mGexqSwF9KmpH,1.0
6MDLO5bi8mGexqSwF9KmpH,6CVL5C50pahDxGdNaq5jti,1.0
6CVL5C50pahDxGdNaq5jti,36YZKmdrHfQN5cLiyDW5OT,1.0
0lO1JSKQt3CefZHhWr10Ai,3pUMsLZIy50bhHOR8K8EKG,1.0
0YbrkoCuUsPE6TmHHh5jCc,7tuvW7Pic91ha9iJCH1cJP,1.0
7tuvW7Pic91ha9iJCH1cJP,3KK9aN5cmoauuHEOSOHZYk,1.0
3KK9aN5cmoauuHEOSOHZYk,3gitnIG4W2v3BxlXbgpR5a,1.0
3gitnIG4W2v3BxlXbgpR5a,7xAiVZgfZAQFQJT3dI0ibi,1.0
7xAiVZgfZAQFQJT3dI0ibi,7EIu7FJWSTzamGZd9YBXgs,1.0
5SXVHZqF1iFzveLzeamg70,13LVADAG1jdD42fe5wihFc,1.0
13LVADAG1jdD42fe5wihFc,3yysH58lQjPaKRdALIHisV,1.0
3yysH58lQjPaKRdALIHisV,250jCVNYW5p5Y0vqJHMWp3,1.0
250jCVNYW5p5Y0vqJHMWp3,3KUpGMnZL76I9E7FoWV1re,1.0
3KUpGMnZL76I9E7FoWV1re,37y7iDayfwm3WXn5BiAoRk,1.0
1QYpYXj7uPYa0obpLF0HFW,185ciwUe4FUDPG7VHFNzcv,1.0
185ciwUe4FUDPG7VHFNzcv,4mK0JRfaDrdNpYDPV6SFHp,1.0
4mK0JRfaDrdNpYDPV6SFHp,3rZrK0m6FsVwNBS0SFpivX,1.0
3rZrK0m6FsVwNBS0SFpivX,6GnhWMhgJb7uyiiPEiEkDA,1.0
6GnhWMhgJb7uyiiPEiEkDA,6TdITECo4Wyt8ZjuSZ6AnQ,1.0
6TdITECo4Wyt8ZjuSZ6AnQ,3yDVqUDqPLLAyWJJsjKKn7,1.0
3yDVqUDqPLLAyWJJsjKKn7,2Y43URuI8xl1upm0dcUnC6,1.0
2Y43URuI8xl1upm0dcUnC6,0TzIHqhAbvYR6qJKrMMFlk,1.0
0TzIHqhAbvYR6qJKrMMFlk,1wMRm72vhW96O6uPkXkMQT,1.0
1wMRm72vhW96O6uPkXkMQT,3I0FBDc1c1BLNtXWKVjmFg,1.0
3I0FBDc1c1BLNtXWKVjmFg,4r0GVpjSsKSR1biv4fOoa5,1.0
1Y63rJLx2KbigqvlXXwRNX,71lzpgEi3NOmzwlU2qM1Xt,1.0
7EXv6YemPlpZGRBVb63Sjw,7FAIbXzdXDjOccdMaTxmwz,1.0
7FAIbXzdXDjOccdMaTxmwz,2KIPOImBkL2vGTItcM86Nk,1.0
2KIPOImBkL2vGTItcM86Nk,20uzp1tAHf9LeA76teF9QB,1.0
7wMF1q8o1ETedbE0eIdzz3,0pasRfUCkzF2RrxrljlhsT,1.0
0pasRfUCkzF2RrxrljlhsT,6p55IyL3J4at7aXW0vnTBs,1.0
6p55IyL3J4at7aXW0vnTBs,7tGlzXJv6GD5e5qlu5YmDg,1.0
7tGlzXJv6GD5e5qlu5YmDg,27eO3EGKIUU7yug1eOxUZu,1.0
27eO3EGKIUU7yug1eOxUZu,2TsBRXZQSGp1aaYeNPcT9o,1.0
2TsBRXZQSGp1aaYeNPcT9o,5yc60MQ9h8Gdxa2zAopMbU,1.0
5yc60MQ9h8Gdxa2zAopMbU,0BSPhsCKfwENstErymcD80,1.0
0BSPhsCKfwENstErymcD80,4MdEYuoGhG2RTG3erOiu2H,1.0
4MdEYuoGhG2RTG3erOiu2H,5JUEfEsVmgEGI6SMbFH3gq,1.0
5JUEfEsVmgEGI6SMbFH3gq,7J6ySECpSLG3KBw5uwbKtP,1.0
7J6ySECpSLG3KBw5uwbKtP,0MZuJcPrGNzu3TVxafDMyB,1.0
0MZuJcPrGNzu3TVxafDMyB,4Y0Lpgb5pt4o18fkFh2mVk,1.0
297rZsBEjFw9d0Gl3iBLnd,7I633Kjfnn8TQLBvnffQ4q,1.0
7I633Kjfnn8TQLBvnffQ4q,5sqHFfmw7MMc1L85BN8802,1.0
6q0zsagVIiAn9zb7vqTmZi,7pv80uUHfocFqfTytu1MVi,1.0
7pv80uUHfocFqfTytu1MVi,3mBAeX86IDfnm4ZgRpO5Ap,1.0
3mBAeX86IDfnm4ZgRpO5Ap,4riDQqc9PHQcztTt7FPxov,1.0
4riDQqc9PHQcztTt7FPxov,4l6Ni4ym9y3am94yvuKHcY,1.0
6v7nSjcwVFDxuKnRKYs3lV,7wcCTrqmu3Hxzq0NzY4EBU,1.0
7wcCTrqmu3Hxzq0NzY4EBU,6v7nSjcwVFDxuKnRKYs3lV,1.0
3VuMRYgkhSteigqPpDYkWm,2cyH63Rzf19Q43R4GBpVuD,1.0
6uBFcQ0TFjdnS5QUTff2Yb,6v7nSjcwVFDxuKnRKYs3lV,1.0
6v7nSjcwVFDxuKnRKYs3lV,6UQg5vThA2emfqeZLa7dcT,1.0
297rZsBEjFw9d0Gl3iBLnd,1fJELcAJZwkSgAsQJMt1xW,1.0
1fJELcAJZwkSgAsQJMt1xW,3KUpGMnZL76I9E7FoWV1re,1.0
3KUpGMnZL76I9E7FoWV1re,5nVK2UTeK0vJYePgxOjFPz,1.0
18LE5EslSQkAlj3GeNM8SL,2cyH63Rzf19Q43R4GBpVuD,1.0
2cyH63Rzf19Q43R4GBpVuD,6uBFcQ0TFjdnS5QUTff2Yb,1.0
6uBFcQ0TFjdnS5QUTff2Yb,5HshJOG3lOUEZinx0I3vXf,1.0
5HshJOG3lOUEZinx0I3vXf,4zQ8Y3TeQ98xWm20ebX3Cc,1.0
0NIh5j1CfLpDHvoOCaUnaU,4u9azc3KmnO5Y7P6dvUunn,1.0
4u9azc3KmnO5Y7P6dvUunn,6BxU8yJLGx6bhNexO33MtV,1.0
6BxU8yJLGx6bhNexO33MtV,77mmpy5QUbgWfByfpMjytu,1.0
77mmpy5QUbgWfByfpMjytu,1OJlh6HgNIYpkajF4kt0vE,1.0
1OJlh6HgNIYpkajF4kt0vE,47i5vn1uw6cItRKXA4BdEB,1.0
2Y7TGlQvYs0oquh3JEEFmC,2p4cHvREkcBQT7IzqwliHi,1.0
2Y7TGlQvYs0oquh3JEEFmC,2cyH63Rzf19Q43R4GBpVuD,1.0
4eoRsk6nuYMLcNdZWgDTmT,6UQg5vThA2emfqeZLa7dcT,1.0
6UQg5vThA2emfqeZLa7dcT,0qrYU79JEkJeN7EcQBhsaH,1.0
0qrYU79JEkJeN7EcQBhsaH,2yE5OahT7RHvXGeq2H4xXu,1.0
2yE5OahT7RHvXGeq2H4xXu,2XjsalSanX3zAKEBYJEJ02,1.0
2XjsalSanX3zAKEBYJEJ02,2p4cHvREkcBQT7IzqwliHi,1.0
7LIKiKUV9WifyLyLhO2XaY,2yE5OahT7RHvXGeq2H4xXu,1.0
2yE5OahT7RHvXGeq2H4xXu,2p4cHvREkcBQT7IzqwliHi,1.0
4cfxGBB1noSf8gSG6q2ARQ,4kltiVelGMzmWBgVGFeV9f,1.0
4kltiVelGMzmWBgVGFeV9f,0kztLvDECQrBsZNebcF2ny,1.0
0kztLvDECQrBsZNebcF2ny,2BssO16rgM7BEyKog4GCvd,1.0
43ile6cBzr9uaC4bJf6J3N,2g72QoX5ZZlEqQpKfnOdrj,1.0
2g72QoX5ZZlEqQpKfnOdrj,5dIRfmUPYcSLh2eQu3Q32X,1.0
5dIRfmUPYcSLh2eQu3Q32X,2BssO16rgM7BEyKog4GCvd,1.0
2BssO16rgM7BEyKog4GCvd,1gnwGVoG7V08vMX3hyr90x,1.0
02g1lyI3knyeJGGotpajD4,5Nv8GtZ2u87p2RuWoZKZkC,1.0
5Nv8GtZ2u87p2RuWoZKZkC,02g1lyI3knyeJGGotpajD4,1.0
02g1lyI3knyeJGGotpajD4,47iq5rVb57vc2jUsPIVgsW,1.0
47iq5rVb57vc2jUsPIVgsW,3V1MQv2hCKgySxaISd3QoC,1.0
4X4NrHp5VpibgirzuImxXd,0dGXktyJb905oVBzFl7At4,1.0
0dGXktyJb905oVBzFl7At4,2XjsalSanX3zAKEBYJEJ02,1.0
2yE5OahT7RHvXGeq2H4xXu,2cyH63Rzf19Q43R4GBpVuD,1.0
2cyH63Rzf19Q43R4GBpVuD,5Nv8GtZ2u87p2RuWoZKZkC,1.0
5Nv8GtZ2u87p2RuWoZKZkC,6oCPeAxu0jvJrrgdeIGxmE,1.0
6oCPeAxu0jvJrrgdeIGxmE,6mRWYqhRPJVyYpLOLvbtRg,1.0
6mRWYqhRPJVyYpLOLvbtRg,6v4gV9s0pnwKbmF1yk5knO,1.0
6v4gV9s0pnwKbmF1yk5knO,66TSoVnJ1P9Tyok03zUlTr,1.0
66TSoVnJ1P9Tyok03zUlTr,0dkH7bG1YvIhQyNQcrXXin,1.0
0dkH7bG1YvIhQyNQcrXXin,3whRKAOlJ0M3banzcChvQv,1.0
6pxck4yPbvXbnHiNIc5jqq,6v7nSjcwVFDxuKnRKYs3lV,1.0
6v7nSjcwVFDxuKnRKYs3lV,2p4cHvREkcBQT7IzqwliHi,1.0
2p4cHvREkcBQT7IzqwliHi,6UQg5vThA2emfqeZLa7dcT,1.0
6UQg5vThA2emfqeZLa7dcT,2wsW7FXHByxfP6Qzwf4iaj,1.0
2wsW7FXHByxfP6Qzwf4iaj,41bN3RpdiA7tpEGDE5v7p9,1.0
41bN3RpdiA7tpEGDE5v7p9,2BssO16rgM7BEyKog4GCvd,1.0
2BssO16rgM7BEyKog4GCvd,3yysH58lQjPaKRdALIHisV,1.0
3yysH58lQjPaKRdALIHisV,0ryUcfZ9p8qMUzYXXAnYLf,1.0
0ryUcfZ9p8qMUzYXXAnYLf,0BSPhsCKfwENstErymcD80,1.0
0BSPhsCKfwENstErymcD80,54RowlPjsfekmC7juxEIYY,1.0
54RowlPjsfekmC7juxEIYY,1yPqFsT2aV7BhE21KPn6k2,1.0
1yPqFsT2aV7BhE21KPn6k2,2ZPZvMqvT6JuUcm2WIt3Pe,1.0
2ZPZvMqvT6JuUcm2WIt3Pe,6fUHMhwKBSmetq2T1PvCKK,1.0
6fUHMhwKBSmetq2T1PvCKK,5fyRqeycMofUoGmDis5Gu6,1.0
5fyRqeycMofUoGmDis5Gu6,0L1tKUzrIkBqFxl5rUqeSn,1.0
0L1tKUzrIkBqFxl5rUqeSn,1Y63rJLx2KbigqvlXXwRNX,1.0
1Y63rJLx2KbigqvlXXwRNX,1EgP6eOd0BdRQ9qYWwdjPu,1.0
1EgP6eOd0BdRQ9qYWwdjPu,0zYkf4pCiGAhEp5Z3iUkml,1.0
0zYkf4pCiGAhEp5Z3iUkml,2S18yMOqDyuUZiHcauJr1u,1.0
2S18yMOqDyuUZiHcauJr1u,64j9yg1wGwHVcrdzM4bBBb,1.0
64j9yg1wGwHVcrdzM4bBBb,7yflDT7Hm2j9Y8BFqf5IqT,1.0
7yflDT7Hm2j9Y8BFqf5IqT,3elZjWWqIVijinJPXVzO4E,1.0
3elZjWWqIVijinJPXVzO4E,4aPTrOPzmdOF2Qmhhcr07p,1.0
4aPTrOPzmdOF2Qmhhcr07p,2D17BM8aaVbLPlYLBmUhUp,1.0
2D17BM8aaVbLPlYLBmUhUp,4MQXYnO0IP5wJbphK2elZW,1.0
4MQXYnO0IP5wJbphK2elZW,4fSp4eUqq87gX8ekjv4JC1,1.0
4fSp4eUqq87gX8ekjv4JC1,3RGN1ETmUzL5MoaCQ2RIRm,1.0
3RGN1ETmUzL5MoaCQ2RIRm,7dGG7W2p1qUzbf7KwZBAsZ,1.0
7dGG7W2p1qUzbf7KwZBAsZ,4waE9P6nLmok9FPo0GteRo,1.0
4waE9P6nLmok9FPo0GteRo,3oNn2Qg40BPekTa4zxpSp2,1.0
3oNn2Qg40BPekTa4zxpSp2,1BrzHVGCZEYj52ImDRSCP6,1.0
1BrzHVGCZEYj52ImDRSCP6,7gDwRzJhLs0fFHaGtMDJVM,1.0
7gDwRzJhLs0fFHaGtMDJVM,5cfIibuUGxlrdXcNaWmAnQ,1.0
5cfIibuUGxlrdXcNaWmAnQ,250jCVNYW5p5Y0vqJHMWp3,1.0
1DxaNpUujd8r0rSiv8uCFA,5ZGN5X1sh3r7W4M3HNcRbt,1.0
2JL5OInj6ETNZe19D4066P,2yE5OahT7RHvXGeq2H4xXu,1.0
2yE5OahT7RHvXGeq2H4xXu,3d9DChrdc6BOeFsbrZ3Is0,1.0
3d9DChrdc6BOeFsbrZ3Is0,5Oz85GKyq6Q5fIBgliujKP,1.0
5Oz85GKyq6Q5fIBgliujKP,2gAGWaK4wvt2xrFUlR4mK8,1.0
2gAGWaK4wvt2xrFUlR4mK8,14q1CWouLEjFT6zu5re8hR,1.0
14q1CWouLEjFT6zu5re8hR,3u9AaQ0IiJE8y2xPGuyoi3,1.0
0ZdIyAO0spPIdBno3iqT2l,3d9DChrdc6BOeFsbrZ3Is0,1.0
3d9DChrdc6BOeFsbrZ3Is0,6UQg5vThA2emfqeZLa7dcT,1.0
6UQg5vThA2emfqeZLa7dcT,3d9DChrdc6BOeFsbrZ3Is0,1.0
3d9DChrdc6BOeFsbrZ3Is0,3d9DChrdc6BOeFsbrZ3Is0,1.0
0YMzPd9mYx4txOuCnhYUGU,5dIRfmUPYcSLh2eQu3Q32X,1.0
5dIRfmUPYcSLh2eQu3Q32X,1WIZiOuNO3woKfdlSK2gNn,1.0
1WIZiOuNO3woKfdlSK2gNn,4Q3N4Ct4zCuIHuZ65E3BD4,1.0
4Q3N4Ct4zCuIHuZ65E3BD4,33zbOXJSwW7uf4VXXWow2O,1.0
33zbOXJSwW7uf4VXXWow2O,7KcmWxygjYBUEHGTGIFAu3,1.0
7KcmWxygjYBUEHGTGIFAu3,4DTpngLjoHj5gFxEZFeD3J,1.0
4DTpngLjoHj5gFxEZFeD3J,7HaggpJGAfEgH8wyMLOIPl,1.0
7HaggpJGAfEgH8wyMLOIPl,1FfxSgLHUkNCCLdZ7wrCTY,1.0
1FfxSgLHUkNCCLdZ7wrCTY,0nq6sfr8z1R5KJ4XUk396e,1.0
608a1wIsSd5KzMEqm1O7w3,4Vwj4sbwakE8oCmqJ3ufki,1.0
4Vwj4sbwakE8oCmqJ3ufki,6gyeaab6u8qGxz1nbY4Jjh,1.0
6gyeaab6u8qGxz1nbY4Jjh,6gyeaab6u8qGxz1nbY4Jjh,1.0
6gyeaab6u8qGxz1nbY4Jjh,4h4TKcnaFcbnI60YbOsULN,1.0
4h4TKcnaFcbnI60YbOsULN,2fpn1or5OQxAwXXixLdY9S,1.0
6apo0q3DPbms3zV7lwUkh4,4wGrZiGaO4WVm6mNfaDjch,1.0
4wGrZiGaO4WVm6mNfaDjch,5Oz85GKyq6Q5fIBgliujKP,1.0
5Oz85GKyq6Q5fIBgliujKP,040bfxASXZ4RHrb5my05ZT,1.0
040bfxASXZ4RHrb5my05ZT,0SSYId9APdlTyWRwcXPky3,1.0
0SSYId9APdlTyWRwcXPky3,0Mg6Z3OP9fwIEPWHXsnufL,1.0
0Mg6Z3OP9fwIEPWHXsnufL,7tkqxOV765aQ6s45fBijjt,1.0
7tkqxOV765aQ6s45fBijjt,2yE5OahT7RHvXGeq2H4xXu,1.0
2yE5OahT7RHvXGeq2H4xXu,3gitnIG4W2v3BxlXbgpR5a,1.0
3gitnIG4W2v3BxlXbgpR5a,0Eqm7hD828cATBLUx2fJox,1.0
0Eqm7hD828cATBLUx2fJox,23XmBijMpljQqee05QvmTt,1.0
23XmBijMpljQqee05QvmTt,17JA4HlieSH7TY3pQk21MJ,1.0
17JA4HlieSH7TY3pQk21MJ,5dkBnMAwG59Ihz8d6TyJ4T,1.0
5dkBnMAwG59Ihz8d6TyJ4T,1Gcg62WCWynIyjilpHFYTJ,1.0
1Gcg62WCWynIyjilpHFYTJ,0y9uTzK9cNKSAEHnpeRG8C,1.0
0y9uTzK9cNKSAEHnpeRG8C,4c2VZAmTgDo0Wp2bsvpfFv,1.0
4c2VZAmTgDo0Wp2bsvpfFv,3bKmTDB7cUoYoRdYoIvcoU,1.0
5Lr3OPBYXtH7H60zFxrcJj,3d9DChrdc6BOeFsbrZ3Is0,1.0
3d9DChrdc6BOeFsbrZ3Is0,6UQg5vThA2emfqeZLa7dcT,1.0
6UQg5vThA2emfqeZLa7dcT,2TtfZ8mzvb45VzPvzOatjr,1.0
2TtfZ8mzvb45VzPvzOatjr,43ouKEbDr397DJEd0Oe2ap,1.0
43ouKEbDr397DJEd0Oe2ap,4P9qJdsEiLntnK2LWJEq0u,1.0
2yE5OahT7RHvXGeq2H4xXu,3TfIVyEPDyae0gOdNOvj28,1.0
3TfIVyEPDyae0gOdNOvj28,2cyH63Rzf19Q43R4GBpVuD,1.0
2cyH63Rzf19Q43R4GBpVuD,71lyUtIPCMAYjTwwwxy2jW,1.0
71lyUtIPCMAYjTwwwxy2jW,43tVqovviXhkmOV5LOkTn7,1.0
43tVqovviXhkmOV5LOkTn7,6gifrVamdnrYxkXPV6ul0k,1.0
6gifrVamdnrYxkXPV6ul0k,5HrgQn7A3F1st6UWiQIYgi,1.0
295X1Unp68kEphhkqdmibY,2NxIp9jbmsnaIiAExWOEo0,1.0
5SNKVs6NDmZfayWsFMFj93,2XjsalSanX3zAKEBYJEJ02,1.0
3s3ZBjw8kKX5HXymkRIDVy,2BuBXn15gj4MNYZydyWgrk,1.0
1EgP6eOd0BdRQ9qYWwdjPu,383kL0qjp5qFa09J2ekjr2,1.0
383kL0qjp5qFa09J2ekjr2,0IabpxMpUV7waD7U4uDIMJ,1.0
0IabpxMpUV7waD7U4uDIMJ,4DD08d0HLC2TxUKfTTj39F,1.0
4DD08d0HLC2TxUKfTTj39F,1UGD3lW3tDmgZfAVDh6w7r,1.0
1UGD3lW3tDmgZfAVDh6w7r,5y1MtHdKFjuFNWpoJtyYFs,1.0
5y1MtHdKFjuFNWpoJtyYFs,2xLMifQCjDGFmkHkpNLD9h,1.0
2xLMifQCjDGFmkHkpNLD9h,4Q3N4Ct4zCuIHuZ65E3BD4,1.0
4Q3N4Ct4zCuIHuZ65E3BD4,228nYWqXzsBS9Ha0SIpM7q,1.0
3T3oG6g4aTqPzvy8bAD6Kw,1l7ekj3ex1iUIPjkPLGu0C,1.0
1l7ekj3ex1iUIPjkPLGu0C,5Nv8GtZ2u87p2RuWoZKZkC,1.0
5Nv8GtZ2u87p2RuWoZKZkC,1tyAWabZG55PW31Q9aKr4B,1.0
1tyAWabZG55PW31Q9aKr4B,0ryUcfZ9p8qMUzYXXAnYLf,1.0
0ryUcfZ9p8qMUzYXXAnYLf,5fyRqeycMofUoGmDis5Gu6,1.0
5fyRqeycMofUoGmDis5Gu6,4LU0uQ98HCTS8aAIE1Spm4,1.0
4LU0uQ98HCTS8aAIE1Spm4,624w3LZtZ5Ij0N5LxhV5jx,1.0
624w3LZtZ5Ij0N5LxhV5jx,78kHHBanEhDPeKuWj4eP0s,1.0
78kHHBanEhDPeKuWj4eP0s,17oVkf8vcwXprwqaiSwxTp,1.0
17oVkf8vcwXprwqaiSwxTp,0k7UxTqp57Q4oXMaYMTO9P,1.0
0k7UxTqp57Q4oXMaYMTO9P,0L1tKUzrIkBqFxl5rUqeSn,1.0
0L1tKUzrIkBqFxl5rUqeSn,2xLMifQCjDGFmkHkpNLD9h,1.0
2xLMifQCjDGFmkHkpNLD9h,0q3e8Pgy4sgy1dzq5JIWVC,1.0
0q3e8Pgy4sgy1dzq5JIWVC,4quXxJKfxEbFA4NiKDiZny,1.0
4quXxJKfxEbFA4NiKDiZny,3MnwLa9KRUiv2gNFtWPvib,1.0
3MnwLa9KRUiv2gNFtWPvib,2n2DoZGBwDVzTMZu9dCd06,1.0
2n2DoZGBwDVzTMZu9dCd06,3bFfgKNJokLhXcYYJOsCIq,1.0
3bFfgKNJokLhXcYYJOsCIq,0CjJqkWOpIUXdem5hUcxAk,1.0
0CjJqkWOpIUXdem5hUcxAk,7yHq7YJ7jODyx76zNYshGp,1.0
7yHq7YJ7jODyx76zNYshGp,7sJ7zlySCbRw6OjlLhVQMt,1.0
7sJ7zlySCbRw6OjlLhVQMt,5ZyIjFyRIjejl1pg5pxOVh,1.0
5ZyIjFyRIjejl1pg5pxOVh,46GtXJhBPraCMc8fA7nRrE,1.0
46GtXJhBPraCMc8fA7nRrE,4Vhq6lkvT1f9mna51yFdoj,1.0
4Vhq6lkvT1f9mna51yFdoj,2p9FsHJjQCyLmVGJXZVKdw,1.0
2p9FsHJjQCyLmVGJXZVKdw,4LPZzw2tVHWVb1ztHiGdvK,1.0
7me9V1HF4w7ppbposnFqol,5nMfIpT4sBRTjrNwhHKZxE,1.0
5nMfIpT4sBRTjrNwhHKZxE,1dVv3gEVfJPMLFV0h06YGa,1.0
6x5McRbMI9YHEHjyrDU9Gv,6jigPjYFbjXJzWvD4Tm1IN,1.0
6jigPjYFbjXJzWvD4Tm1IN,61YN7u0K8owDCdSqyGS45k,1.0
3Aujaf3ytJLE1U7mAGi9P9,0aocB2ukxn2Gy663wEEW3j,1.0
0aocB2ukxn2Gy663wEEW3j,42w2krVjv84O8clFzoIR91,1.0
4N1EBsPhAKTjpWupB1Wfqe,6GI114RuBiRyc09NcXyU6y,1.0
6GI114RuBiRyc09NcXyU6y,3903Tbix9PdoculpJLikHf,1.0
3903Tbix9PdoculpJLikHf,5rY9hTwEjt5pCN5dqY9FJu,1.0
1qtjEJGrStf2OtAjCDyJmm,61rjspU9Rmf2NdrSmkVv0v,1.0
4vmqU3xlzuhxtaeXrtAX1F,3d9DChrdc6BOeFsbrZ3Is0,1.0
3d9DChrdc6BOeFsbrZ3Is0,2KbrTYtl6XnVbyiG5HKfKu,1.0
7vKG1DfryZiZiTX2KVFTz8,3kAanyOEw5Ee4zwxqG2scM,1.0
5bK03pTZXDQWCWjKhacuaP,7zli6jp0kEVxIa51A7TCKr,1.0
7zli6jp0kEVxIa51A7TCKr,6CTG85NJI1Wm60pxTSRNwL,1.0
0y9uTzK9cNKSAEHnpeRG8C,61rjspU9Rmf2NdrSmkVv0v,1.0
61rjspU9Rmf2NdrSmkVv0v,15EPc80XuFrb2LmOzGjuRg,1.0
15EPc80XuFrb2LmOzGjuRg,1wIQtB3UQ1TfjNMZZqO6eh,1.0
1wIQtB3UQ1TfjNMZZqO6eh,6wbDqobV3CSsfX8jKB9KrF,1.0
6wbDqobV3CSsfX8jKB9KrF,4dNwzB7yuTf8jSYZSlok7C,1.0
4dNwzB7yuTf8jSYZSlok7C,2qrULrw1WvePyMkPr41F09,1.0
2qrULrw1WvePyMkPr41F09,27Es1J9GNKf0pZLy3sdzjl,1.0
27Es1J9GNKf0pZLy3sdzjl,1Gy6T40HMcSw7fY0KF39Mu,1.0
1Gy6T40HMcSw7fY0KF39Mu,1WsRuvitfegWXQJKRgRZrj,1.0
7me9V1HF4w7ppbposnFqol,1T9Ux4B1Jlb2jcsboQqIBK,1.0
1T9Ux4B1Jlb2jcsboQqIBK,2i3QOzoKnEjrlU0Ex5xpCH,1.0
2i3QOzoKnEjrlU0Ex5xpCH,4DD08d0HLC2TxUKfTTj39F,1.0
4DD08d0HLC2TxUKfTTj39F,3UNoPBNWST9mQleI5T53zL,1.0
0vnms8M4jYsDlA5MT8GcCV,2MkFXCcdvVl0LkZmFQ5vYK,1.0
1tyAWabZG55PW31Q9aKr4B,0ryUcfZ9p8qMUzYXXAnYLf,1.0
5fyRqeycMofUoGmDis5Gu6,2gEJoqE6St1DXLykVuOUMW,1.0
2gEJoqE6St1DXLykVuOUMW,2gEJoqE6St1DXLykVuOUMW,1.0
2gEJoqE6St1DXLykVuOUMW,61rjspU9Rmf2NdrSmkVv0v,1.0
61rjspU9Rmf2NdrSmkVv0v,297rZsBEjFw9d0Gl3iBLnd,1.0
297rZsBEjFw9d0Gl3iBLnd,295X1Unp68kEphhkqdmibY,1.0
6ZF2mJIitGF3XWaHxz8Mjw,0HOq63A8H2BMIJzGFdWs79,1.0
0y9uTzK9cNKSAEHnpeRG8C,6br4Pc0BzU6dTD5fEmks2i,1.0
6br4Pc0BzU6dTD5fEmks2i,4KZLbMbASytdXWpapXWiF8,1.0
4KZLbMbASytdXWpapXWiF8,387w7MC59bPZBmOgn3yo6I,1.0
387w7MC59bPZBmOgn3yo6I,2JrOYP9EYr9ENtR4gaL0j0,1.0
2JrOYP9EYr9ENtR4gaL0j0,5SNKVs6NDmZfayWsFMFj93,1.0
5SNKVs6NDmZfayWsFMFj93,7KoX0myQwA6dc6yCX8R1wS,1.0
7KoX0myQwA6dc6yCX8R1wS,2gEJoqE6St1DXLykVuOUMW,1.0
6UQg5vThA2emfqeZLa7dcT,4h4TKcnaFcbnI60YbOsULN,1.0
4h4TKcnaFcbnI60YbOsULN,4l6Ni4ym9y3am94yvuKHcY,1.0
0YsSp6pd4xxtFFCfIKHCql,5kDQgfXuKYBonStfRB7mEx,1.0
5kDQgfXuKYBonStfRB7mEx,2gEJoqE6St1DXLykVuOUMW,1.0
2gEJoqE6St1DXLykVuOUMW,1rdys7opkY9mge7jJ0QVoc,1.0
1rdys7opkY9mge7jJ0QVoc,6cvRSOoJKvQwS0oDt0TePP,1.0
58yWJFglBzvZ7Zao70lGtJ,0y9uTzK9cNKSAEHnpeRG8C,1.0
0y9uTzK9cNKSAEHnpeRG8C,2gEJoqE6St1DXLykVuOUMW,1.0
2gEJoqE6St1DXLykVuOUMW,5dIRfmUPYcSLh2eQu3Q32X,1.0
5dIRfmUPYcSLh2eQu3Q32X,5pxtdhLAi0RTh1gNqhGMNA,1.0
5pxtdhLAi0RTh1gNqhGMNA,503OTo2dSqe7qk76rgsbep,1.0
503OTo2dSqe7qk76rgsbep,0T1hQWoeHLABtNE0gpPCd0,1.0
0T1hQWoeHLABtNE0gpPCd0,7l5j3FapCyr6HxUgoAynM2,1.0
7l5j3FapCyr6HxUgoAynM2,49fueUd2ik003xurF75RB6,1.0
49fueUd2ik003xurF75RB6,2Lrp4tSV5tx31PVmaTRcmV,1.0
2Lrp4tSV5tx31PVmaTRcmV,2N5zMZX7YeL1tico8oQxa9,1.0
2N5zMZX7YeL1tico8oQxa9,709QaosRPmtQ3NbpirJeWn,1.0
709QaosRPmtQ3NbpirJeWn,3rysso1rBXulGa2usukmDW,1.0
3rysso1rBXulGa2usukmDW,3FReeuzSopfaMzL1QXbqEa,1.0
3FReeuzSopfaMzL1QXbqEa,13YyYNBofurxZCNYiFDibB,1.0
13YyYNBofurxZCNYiFDibB,60ZZNXIdwgUGkVGRt7foLT,1.0
60ZZNXIdwgUGkVGRt7foLT,5JpkV4nf0RwaIBQZgpO4pM,1.0
2SRrD0LC0M4OiLAUiWt903,1mFHMzbaECWFaPfoePoEYl,1.0
1mFHMzbaECWFaPfoePoEYl,2TsBRXZQSGp1aaYeNPcT9o,1.0
7k2zFjj5UwedYJBoW5Cwz0,06r4m0TwYDvuaGUKApFstS,1.0
2Y7TGlQvYs0oquh3JEEFmC,4j8NMLIzPyNtGDmVBcz5ER,1.0
4j8NMLIzPyNtGDmVBcz5ER,2PRsh2LNPxoxC9OnErnelg,1.0
6OyXa2uZa4eF7F4AGTlh3w,4b2rTEG9vXwNYikfSDUdsP,1.0
2gEJoqE6St1DXLykVuOUMW,2gEJoqE6St1DXLykVuOUMW,1.0
3oGqaG8lbdMzw4kgRb0CYz,27x2tIcwJswikH4dOgUg5x,1.0
27x2tIcwJswikH4dOgUg5x,2hEIf6XSRy6b0og01o6ovc,1.0
2hEIf6XSRy6b0og01o6ovc,403SoB5RK59MkWQpeMRJLR,1.0
403SoB5RK59MkWQpeMRJLR,6jigPjYFbjXJzWvD4Tm1IN,1.0
6jigPjYFbjXJzWvD4Tm1IN,1e5nuWd8w0ZQlgEA19okwE,1.0
1e5nuWd8w0ZQlgEA19okwE,3d9DChrdc6BOeFsbrZ3Is0,1.0
3d9DChrdc6BOeFsbrZ3Is0,6uBFcQ0TFjdnS5QUTff2Yb,1.0
0kQVd0Kn8DuYaRXBNdgq6l,5dIRfmUPYcSLh2eQu3Q32X,1.0
5dIRfmUPYcSLh2eQu3Q32X,2aibwv5hGXSgw7Yru8IYTO,1.0
6xSBcheWUUOJPAf0mQTQ80,4KAFb6Ur0mc9ELTlWvXbo7,1.0
4KAFb6Ur0mc9ELTlWvXbo7,3d9DChrdc6BOeFsbrZ3Is0,1.0
3d9DChrdc6BOeFsbrZ3Is0,61rjspU9Rmf2NdrSmkVv0v,1.0
2XjsalSanX3zAKEBYJEJ02,11Fy0XWWQG9hG9tOvzK6v0,1.0
11Fy0XWWQG9hG9tOvzK6v0,6bvLGK66JBU3zBWtJYZ3uM,1.0
1chBwiCV635VQ1fyYlT6ya,0myWNiu1NH1NZegHFqKF9Y,1.0
63grpdfs3XAgbsTiYAGOI8,32WDVNZXIAuu7EqncTTKjH,1.0
4RpT8kJWPOCXG2dopzbcAF,3I0FBDc1c1BLNtXWKVjmFg,1.0
3I0FBDc1c1BLNtXWKVjmFg,1cYn1ux3gLJE5r9ewwfjnd,1.0
1cYn1ux3gLJE5r9ewwfjnd,20I1Mickm2w7qGxk7uzOKr,1.0
5g3TDpgy1J1woAUVuj21EE,5mip93d65bb7G35WlPZDpp,1.0
5mip93d65bb7G35WlPZDpp,0VgpoSwSgb4PLYsPux8Xv5,1.0
2JtIYHUdzGXO1Z2Csp0Joz,1cZ7NCXlGhz4RTGgLHZ7Ow,1.0
1cZ7NCXlGhz4RTGgLHZ7Ow,1hAsWvX1XHGbCEHDGhGs89,1.0
1hAsWvX1XHGbCEHDGhGs89,3Ue6KAFvPDcHzacdJJNBwH,1.0
3Ue6KAFvPDcHzacdJJNBwH,5FBWGehbprI6YMYIwdXGPt,1.0
5FBWGehbprI6YMYIwdXGPt,2gdDplSpHp1ndrOkJNDo6o,1.0
2gdDplSpHp1ndrOkJNDo6o,1NeLwFETswx8Fzxl2AFl91,1.0
1NeLwFETswx8Fzxl2AFl91,6vXCXMa2bjUjJQEb6Kygbm,1.0
20XFcmUTqrC7S7Sw2TGj5I,3yYVJTOQWoTiGvFSSYoMpZ,1.0
3yYVJTOQWoTiGvFSSYoMpZ,33hLWFjG7K8pJTMxKjbrjW,1.0
33hLWFjG7K8pJTMxKjbrjW,4RpT8kJWPOCXG2dopzbcAF,1.0
4RpT8kJWPOCXG2dopzbcAF,2gdDplSpHp1ndrOkJNDo6o,1.0
2gdDplSpHp1ndrOkJNDo6o,3Ktwu763W7TelVw1s7Wtn9,1.0
3Ktwu763W7TelVw1s7Wtn9,2JtIYHUdzGXO1Z2Csp0Joz,1.0
2JtIYHUdzGXO1Z2Csp0Joz,55rbXr21MbaXPDQZHdpuWb,1.0
55rbXr21MbaXPDQZHdpuWb,55rbXr21MbaXPDQZHdpuWb,1.0
55rbXr21MbaXPDQZHdpuWb,1vaVVxV5K7yIA5N5IwRxzi,1.0
1vaVVxV5K7yIA5N5IwRxzi,7oY8PMeOn2LyvuBPsGrIG6,1.0
7oY8PMeOn2LyvuBPsGrIG6,5nGhBObWsNzTucrr6lPbSS,1.0
5nGhBObWsNzTucrr6lPbSS,0M433gqUejjCujkzISWinQ,1.0
4SzmBRbDVmi0z4Lnc6H1Za,4b2rTEG9vXwNYikfSDUdsP,1.0
4b2rTEG9vXwNYikfSDUdsP,7DnrjjkleRa2wEejj8NJmg,1.0
7DnrjjkleRa2wEejj8NJmg,6k5HTUWdoTyXdsGC3Kw58t,1.0
6k5HTUWdoTyXdsGC3Kw58t,3GpluYz11wqZ7W74fp9pvZ,1.0
3GpluYz11wqZ7W74fp9pvZ,5uLZ3YIQGC0mOk6q3lJ6Ng,1.0
4HJ4L8hpX9YjTwipKTYwaW,2JtIYHUdzGXO1Z2Csp0Joz,1.0
2JtIYHUdzGXO1Z2Csp0Joz,56i5too1FzbLc3VlS9bn7s,1.0
56i5too1FzbLc3VlS9bn7s,1G6BSl3X3SWJOTCEt7vpVp,1.0
1G6BSl3X3SWJOTCEt7vpVp,2PjxzYCv6wibxSAbMXMG7W,1.0
2PjxzYCv6wibxSAbMXMG7W,0VZHNlLVzKTVCIhEhQaZ3K,1.0
0VZHNlLVzKTVCIhEhQaZ3K,3ZUE4n9qvqgZhDumcJjlvq,1.0
3ZUE4n9qvqgZhDumcJjlvq,6qU1Rjh4231DahJT6rQgG3,1.0
6qU1Rjh4231DahJT6rQgG3,0RLbiPHPKr00th0gE2TkOI,1.0
0RLbiPHPKr00th0gE2TkOI,6ubmD3rZIQoE2CtXEePO7j,1.0
6ubmD3rZIQoE2CtXEePO7j,3Us080AkwEayeC5lO2y1NM,1.0
3Us080AkwEayeC5lO2y1NM,4xxkftdCeiUhYhb1McWpLp,1.0
0y6J7BPS6JTDkFOB7HIYPt,428rENoboxyFNY3xfxLb3G,1.0
428rENoboxyFNY3xfxLb3G,3ZUE4n9qvqgZhDumcJjlvq,1.0
3ZUE4n9qvqgZhDumcJjlvq,3Us080AkwEayeC5lO2y1NM,1.0
3Us080AkwEayeC5lO2y1NM,4F07ku5lMBIoybFPStM2j4,1.0
4F07ku5lMBIoybFPStM2j4,12OkZyDWNBLUqoReoseGrc,1.0
12OkZyDWNBLUqoReoseGrc,20uzp1tAHf9LeA76teF9QB,1.0
20uzp1tAHf9LeA76teF9QB,11tjhGFhTOXajEmP6wH01w,1.0
11tjhGFhTOXajEmP6wH01w,0sLngPkCSYpVLOXtFZjUBR,1.0
0sLngPkCSYpVLOXtFZjUBR,4isFUxQUxqEGUbwnYIV1se,1.0
4isFUxQUxqEGUbwnYIV1se,4RpT8kJWPOCXG2dopzbcAF,1.0
4RpT8kJWPOCXG2dopzbcAF,18YB1U2346cnPCBAbmga8h,1.0
3drhXx8gMWQBKwjUXsLwzF,5aPDKXsb8FldYFxicMhd3u,1.0
54DAwU1LgfbpXf4Bse3GZb,39IFzRUWJACL8YZ8t58bOc,1.0
39IFzRUWJACL8YZ8t58bOc,1G6BSl3X3SWJOTCEt7vpVp,1.0
1G6BSl3X3SWJOTCEt7vpVp,0VgpoSwSgb4PLYsPux8Xv5,1.0
6H4QgITirEVpMryvikYFV7,58yWJFglBzvZ7Zao70lGtJ,1.0
58yWJFglBzvZ7Zao70lGtJ,4D6NCHhNGGlqpt1TMKSZgr,1.0
4D6NCHhNGGlqpt1TMKSZgr,3c078pBbadVUIyOvGFDBtj,1.0
3c078pBbadVUIyOvGFDBtj,43wNrzFHDA2tdz0kSQpkwJ,1.0
43wNrzFHDA2tdz0kSQpkwJ,0kcRmGKTVtbQIUQImtdJQu,1.0
0kcRmGKTVtbQIUQImtdJQu,5NSQWvmoY1wrCfDDe07RcV,1.0
5NSQWvmoY1wrCfDDe07RcV,0jHtHzXJtAbLOMeftlsYTb,1.0
0jHtHzXJtAbLOMeftlsYTb,1mFHMzbaECWFaPfoePoEYl,1.0
0Sual1ICmnvv1bZ8IEZsS5,6q0zsagVIiAn9zb7vqTmZi,1.0
6q0zsagVIiAn9zb7vqTmZi,7abPXehMoF3iV4LJddq8ar,1.0
7abPXehMoF3iV4LJddq8ar,1rdys7opkY9mge7jJ0QVoc,1.0
1rdys7opkY9mge7jJ0QVoc,2ZPZvMqvT6JuUcm2WIt3Pe,1.0
2ZPZvMqvT6JuUcm2WIt3Pe,4isFUxQUxqEGUbwnYIV1se,1.0
4isFUxQUxqEGUbwnYIV1se,3EKzH4moV9wWTkVEdgz91A,1.0
3EKzH4moV9wWTkVEdgz91A,0VgpoSwSgb4PLYsPux8Xv5,1.0
0VgpoSwSgb4PLYsPux8Xv5,4RpT8kJWPOCXG2dopzbcAF,1.0
4RpT8kJWPOCXG2dopzbcAF,2JL5OInj6ETNZe19D4066P,1.0
2JL5OInj6ETNZe19D4066P,0r1sOGFlp5or50ez2NQr95,1.0
0r1sOGFlp5or50ez2NQr95,2TtfZ8mzvb45VzPvzOatjr,1.0
7EIu7FJWSTzamGZd9YBXgs,1Z61bowxub7hcwoIFTJoCr,1.0
1Z61bowxub7hcwoIFTJoCr,4WFcerMZkAIcIizZYXNNrb,1.0
4WFcerMZkAIcIizZYXNNrb,4kSWrE6OOHPJt4TizgkckZ,1.0
4kSWrE6OOHPJt4TizgkckZ,7hb2hEHV71IqQFz3WrhAUj,1.0
7hb2hEHV71IqQFz3WrhAUj,7Hulh4egjeFaX7vroja3Q7,1.0
7Hulh4egjeFaX7vroja3Q7,23BC08XRevVsQ9o8k4YetF,1.0
23BC08XRevVsQ9o8k4YetF,5ZyIjFyRIjejl1pg5pxOVh,1.0
5ZyIjFyRIjejl1pg5pxOVh,6efkcs2aUBMFKxl0cl2JWQ,1.0
6Q2wQud0dEXtM9CenNKmLc,0sTe65yZkeWA3COxE0lHq4,1.0
3ipzZgH1766XXRamVwk1Iw,5NSQWvmoY1wrCfDDe07RcV,1.0
5NSQWvmoY1wrCfDDe07RcV,7pegxVesMmE2qK0o58xoFG,1.0
7pegxVesMmE2qK0o58xoFG,6ayjKIrJVuCLLbLtupBjzC,1.0
6ayjKIrJVuCLLbLtupBjzC,4ZUQEqnfEaURkBl1bfKjFr,1.0
4ZUQEqnfEaURkBl1bfKjFr,27zNA0nZXezGnm94KbQspr,1.0
3kWD9i2ZJMvIlh8IWFRgQ1,5tGooupyQnqg1D1uzbTh9J,1.0
5egX6e0qBE8hIR9CzA6rLV,3Mbkhd9tdMwyqbrVE3IODX,1.0
3Mbkhd9tdMwyqbrVE3IODX,4fSp4eUqq87gX8ekjv4JC1,1.0
4fSp4eUqq87gX8ekjv4JC1,6NghCICdlPWjiJt7Pp1Sxx,1.0
4P9qJdsEiLntnK2LWJEq0u,268V0Smf1rkcfKH40eVlHt,1.0
2T64m94VBrsEISkAYq6Cnq,7yAAFi8NnEAu8Go9aBu0Jg,1.0
0SSYId9APdlTyWRwcXPky3,4isFUxQUxqEGUbwnYIV1se,1.0
2JEdPACPOWnh9VsnlmCtsl,4HJ4L8hpX9YjTwipKTYwaW,1.0
4HJ4L8hpX9YjTwipKTYwaW,6J62AKVGh3TPXOzuLMM3dr,1.0
6J62AKVGh3TPXOzuLMM3dr,2uRqJEudnHdYINvwmeaG9h,1.0
2uRqJEudnHdYINvwmeaG9h,1dVv3gEVfJPMLFV0h06YGa,1.0
5ytmV00jr7di9K0O10dkBO,3sHhbjira3xWxZvHG0gXnr,1.0
3sHhbjira3xWxZvHG0gXnr,4HJ4L8hpX9YjTwipKTYwaW,1.0
4HJ4L8hpX9YjTwipKTYwaW,5yc60MQ9h8Gdxa2zAopMbU,1.0
1cwWIZtBYrnV3qM0inD1s8,5nsIgzLfqLcymftv5ZyEKF,1.0
5nsIgzLfqLcymftv5ZyEKF,5F4KHwTtgJC9RPAsAC7JDr,1.0
3xeVjQBnKbp9vDlLpWk6nb,2RdiGSFCLR1iWfVhBhnCfi,1.0
3kWD9i2ZJMvIlh8IWFRgQ1,6LVysmn3YWl1GAEd0zFoVB,1.0
6LVysmn3YWl1GAEd0zFoVB,5Nf8WHQ7Hq8kO77cqx7H41,1.0
2JIf3IDX85NrgX2EvBcmyq,522oSSdYJqadyIK80MOOqz,1.0
522oSSdYJqadyIK80MOOqz,624w3LZtZ5Ij0N5LxhV5jx,1.0
624w3LZtZ5Ij0N5LxhV5jx,144HpFmXHU7PUIvOu77l41,1.0
1N9WgSJAca6uaXFHTktS97,5F4KHwTtgJC9RPAsAC7JDr,1.0
5F4KHwTtgJC9RPAsAC7JDr,1cwWIZtBYrnV3qM0inD1s8,1.0
1cwWIZtBYrnV3qM0inD1s8,3VxmNEMryjSSHOH0DFeLe2,1.0
3VxmNEMryjSSHOH0DFeLe2,0VgpoSwSgb4PLYsPux8Xv5,1.0
0VgpoSwSgb4PLYsPux8Xv5,1vaVVxV5K7yIA5N5IwRxzi,1.0
1vaVVxV5K7yIA5N5IwRxzi,4mK0JRfaDrdNpYDPV6SFHp,1.0
4mK0JRfaDrdNpYDPV6SFHp,6MDLO5bi8mGexqSwF9KmpH,1.0
6viHRfSG9rOHWT6WrV8jnp,5iUQMwxUPdJBFeGkePtM66,1.0
5iUQMwxUPdJBFeGkePtM66,4RpT8kJWPOCXG2dopzbcAF,1.0
4RpT8kJWPOCXG2dopzbcAF,4l6Ni4ym9y3am94yvuKHcY,1.0
73AYmGZ0dyvYIVxe6s0KO4,6rBSNZMTJGKxuHPbqYTW0L,1.0
6rBSNZMTJGKxuHPbqYTW0L,0gnXUuIxCdeDGja6c7tsJj,1.0
0gnXUuIxCdeDGja6c7tsJj,6ncNLU982iaD9WFb2gTwKd,1.0
6ncNLU982iaD9WFb2gTwKd,6z9NwqYdOCrjbJTuBlsLFN,1.0
6z9NwqYdOCrjbJTuBlsLFN,3mBAeX86IDfnm4ZgRpO5Ap,1.0
3mBAeX86IDfnm4ZgRpO5Ap,0Sual1ICmnvv1bZ8IEZsS5,1.0
1ye0CqUtaws5jl9mAiki1R,7pv80uUHfocFqfTytu1MVi,1.0
7pv80uUHfocFqfTytu1MVi,6AFnFGgvF0uneX5Nd6dNOk,1.0
6AFnFGgvF0uneX5Nd6dNOk,2RdiGSFCLR1iWfVhBhnCfi,1.0
2RdiGSFCLR1iWfVhBhnCfi,2JtIYHUdzGXO1Z2Csp0Joz,1.0
2JtIYHUdzGXO1Z2Csp0Joz,2gdDplSpHp1ndrOkJNDo6o,1.0
2gdDplSpHp1ndrOkJNDo6o,1l32mo5oW5oIRRjNnVJBNR,1.0
0k7UxTqp57Q4oXMaYMTO9P,6qspW4YKycviDFjHBOaqUY,1.0
6qspW4YKycviDFjHBOaqUY,6zfczP87XO2SxWlQtnjFNa,1.0
5F4KHwTtgJC9RPAsAC7JDr,1Gcg62WCWynIyjilpHFYTJ,1.0
1Gcg62WCWynIyjilpHFYTJ,0BfcfdZd85CmmkE5pdbUdE,1.0
0BfcfdZd85CmmkE5pdbUdE,2iy8dyGv0pCf6C6e23OzyV,1.0
2iy8dyGv0pCf6C6e23OzyV,5nMfIpT4sBRTjrNwhHKZxE,1.0
5nMfIpT4sBRTjrNwhHKZxE,2wVaikw9WmhmIPyNt6BWa2,1.0
2wVaikw9WmhmIPyNt6BWa2,2EgKt2QKhU7GYCc73mBRR6,1.0
2EgKt2QKhU7GYCc73mBRR6,5jq3Lzz8Y4ROTFlOyMQYdW,1.0
5jq3Lzz8Y4ROTFlOyMQYdW,3MnwLa9KRUiv2gNFtWPvib,1.0
3MnwLa9KRUiv2gNFtWPvib,6zFRqZLtW5hqBR0rgNHeTc,1.0
6zFRqZLtW5hqBR0rgNHeTc,6bYWdnmdsTTKiQWWsQ3ZAB,1.0
0d3GSGvUvscv1xkrtBQPK7,5dr8yLyIodcHbyUDtCZC9D,1.0
5dr8yLyIodcHbyUDtCZC9D,1cJnzAIutJrrO8NUGd6347,1.0
1cJnzAIutJrrO8NUGd6347,4HA4lfsAf9h1loCFZVs40D,1.0
4HA4lfsAf9h1loCFZVs40D,0Ip2pWYQmo8NUxKql20QPk,1.0
0Ip2pWYQmo8NUxKql20QPk,5Nn2Dj7OQsGL6pgQ9iIzPp,1.0
5Nn2Dj7OQsGL6pgQ9iIzPp,1LaPicLYqWEtDYDc2w9N0b,1.0
0GfHsEGSOZNYzCIvE0neUS,27SL5XcsODWXgEVizprlMR,1.0
27SL5XcsODWXgEVizprlMR,7dltD9eEX7X1zk8JJ9BS0e,1.0
00t78SKl7PHj3KfQ54fenL,1WsRuvitfegWXQJKRgRZrj,1.0
1WsRuvitfegWXQJKRgRZrj,4isFUxQUxqEGUbwnYIV1se,1.0
4isFUxQUxqEGUbwnYIV1se,20XFcmUTqrC7S7Sw2TGj5I,1.0
20XFcmUTqrC7S7Sw2TGj5I,6qspW4YKycviDFjHBOaqUY,1.0
6qspW4YKycviDFjHBOaqUY,1FIGnUUG6xsrDCXHioj1nR,1.0
1FIGnUUG6xsrDCXHioj1nR,4idcRWC8xRPSZfTSap5k4z,1.0
4idcRWC8xRPSZfTSap5k4z,0adBVPIvxNtPN3hXedkpNl,1.0
0adBVPIvxNtPN3hXedkpNl,5cYZm4KeDKM8Pw8z5XRKJt,1.0
5cYZm4KeDKM8Pw8z5XRKJt,5vYuPLbrCpmp1raSasDnjC,1.0
5vYuPLbrCpmp1raSasDnjC,2mR7rBYfObmaGrQWHIBQHv,1.0
2mR7rBYfObmaGrQWHIBQHv,624w3LZtZ5Ij0N5LxhV5jx,1.0
624w3LZtZ5Ij0N5LxhV5jx,5Tkg3u47kMqpNHiTK9bSDe,1.0
5Tkg3u47kMqpNHiTK9bSDe,2ZPZvMqvT6JuUcm2WIt3Pe,1.0
2ZPZvMqvT6JuUcm2WIt3Pe,1dVv3gEVfJPMLFV0h06YGa,1.0
1dVv3gEVfJPMLFV0h06YGa,7pda6TLAbVGxUjIUtbiNt0,1.0
7pda6TLAbVGxUjIUtbiNt0,52eYVUkFTOVozbVFIaFrnV,1.0
52eYVUkFTOVozbVFIaFrnV,7yflDT7Hm2j9Y8BFqf5IqT,1.0
7yflDT7Hm2j9Y8BFqf5IqT,0kcRmGKTVtbQIUQImtdJQu,1.0
0kcRmGKTVtbQIUQImtdJQu,0zLClc0emc6qUeV1p5nc99,1.0
3DiCcOpGyqBzd2MDoUnD6K,6ugrRFZUNIpLiqhLUgC7ix,1.0
6ugrRFZUNIpLiqhLUgC7ix,2FiNdLuqDTHcpMCaYcMCZs,1.0
2FiNdLuqDTHcpMCaYcMCZs,1fa9IsHxKe0QCHA5XW7cu0,1.0
0svuiXl2gdJnzlqNutJmPf,5MFlNYdFjO7un11HCuA49N,1.0
5MFlNYdFjO7un11HCuA49N,3GUqoL8LDEpw2GH6G9onE0,1.0
3GUqoL8LDEpw2GH6G9onE0,2tFG983Ad7j1JsS9G1c5HH,1.0
2tFG983Ad7j1JsS9G1c5HH,1LqfuMIZHnxOw1YA34dLmT,1.0
1LqfuMIZHnxOw1YA34dLmT,2AKIZBOOGBpyO6zxJPIgKQ,1.0
2AKIZBOOGBpyO6zxJPIgKQ,56YqAWUHOcfkGqq1UxJz2M,1.0
56YqAWUHOcfkGqq1UxJz2M,2pPyIvTEBPQVdI6NRgWHpM,1.0
2pPyIvTEBPQVdI6NRgWHpM,18BMwSjxO0AC0VxWG2THAR,1.0
18BMwSjxO0AC0VxWG2THAR,5qC17VMNoZdF2gAw28FtsV,1.0
5qC17VMNoZdF2gAw28FtsV,41drvLtHPMxin7H5tKzbvl,1.0
41drvLtHPMxin7H5tKzbvl,2H1G5ubtYJiPGbUJG5ve13,1.0
2H1G5ubtYJiPGbUJG5ve13,2tEwjYmi7oC3rOmvyrDIaI,1.0
2tEwjYmi7oC3rOmvyrDIaI,6WrA5WyAyRJxhYUehqjgcM,1.0
6WrA5WyAyRJxhYUehqjgcM,3CFS6vCzVVsWL5veYusCe7,1.0
3CFS6vCzVVsWL5veYusCe7,0Sf2EtJMOnbIVO4Yjb8mmO,1.0
0Sf2EtJMOnbIVO4Yjb8mmO,1iN7diiG8AShVbabzXJZ2O,1.0
1iN7diiG8AShVbabzXJZ2O,7lMUOjwbjnsYjoo3gkT0Xn,1.0
7lMUOjwbjnsYjoo3gkT0Xn,7v52k3ozNqjKGlFPWDiudw,1.0
7v52k3ozNqjKGlFPWDiudw,71lt3q9KhtrYZSpqoswFfD,1.0
71lt3q9KhtrYZSpqoswFfD,5200ErDjAdhIxQhk1zSXsI,1.0
5200ErDjAdhIxQhk1zSXsI,4qnVWFIKCC8m6Itm64ZRVu,1.0
4qnVWFIKCC8m6Itm64ZRVu,45I66n6reD879ZVEi7qhDz,1.0
45I66n6reD879ZVEi7qhDz,3DTGNFNftKpbHsRuOvUmKo,1.0
3DTGNFNftKpbHsRuOvUmKo,46CoLG2D9YRLnSvtlBGJLC,1.0
46CoLG2D9YRLnSvtlBGJLC,5GEfZzWDUTRi5UvOyu1AZq,1.0
0B0b0cr6OMAqk8w0fz0PDF,4Kq4zhiHGQLuUFn4sT0tVe,1.0
4Kq4zhiHGQLuUFn4sT0tVe,5M1TnHDDigSFAEK5U8euc3,1.0
4b2rTEG9vXwNYikfSDUdsP,5M1TnHDDigSFAEK5U8euc3,1.0
46CoLG2D9YRLnSvtlBGJLC,5csIXEb3CtRMXG9ngWF8V1,1.0
5csIXEb3CtRMXG9ngWF8V1,0IyXKgmxzm9hinLxizzfAH,1.0
0IyXKgmxzm9hinLxizzfAH,46CoLG2D9YRLnSvtlBGJLC,1.0
46CoLG2D9YRLnSvtlBGJLC,5ygDxewCaJXQejvYG58qHe,1.0
5ygDxewCaJXQejvYG58qHe,36NAwDzryOE4rjguKJO5Nd,1.0
36NAwDzryOE4rjguKJO5Nd,6MBbOZT1sIX3MyWbc8a6IL,1.0
6MBbOZT1sIX3MyWbc8a6IL,4SqdV9weL0m5MKqNPtLbb3,1.0
4SqdV9weL0m5MKqNPtLbb3,1WHTLjwzki6sTgTmxJeC8V,1.0
1WHTLjwzki6sTgTmxJeC8V,3ijKkFYBFIoCHpwOgC0z9k,1.0
3ijKkFYBFIoCHpwOgC0z9k,09T04mg9HfWsYwUgYhqhpC,1.0
09T04mg9HfWsYwUgYhqhpC,5V4z6SS3oU0fsEch7h8ho9,1.0
5V4z6SS3oU0fsEch7h8ho9,2tEwjYmi7oC3rOmvyrDIaI,1.0
2tEwjYmi7oC3rOmvyrDIaI,75gjXE2z8P7WIJobOpG6Ce,1.0
4k8WQOCDkKbrtZvQ7zHT2n,5F4KHwTtgJC9RPAsAC7JDr,1.0
46CoLG2D9YRLnSvtlBGJLC,46CoLG2D9YRLnSvtlBGJLC,1.0
46CoLG2D9YRLnSvtlBGJLC,6MBbOZT1sIX3MyWbc8a6IL,1.0
6MBbOZT1sIX3MyWbc8a6IL,4bN43jYf41eIjJZ3UXQpuA,1.0
5Ss6DqCldgTmIo6BekVOJT,11gfOUFtnHemJ06cUCAifs,1.0
11gfOUFtnHemJ06cUCAifs,1TquBahz02HCaxj8jy5tTo,1.0
1TquBahz02HCaxj8jy5tTo,5Lmj1nEkyKxI3Po2a6Dmt3,1.0
5Lmj1nEkyKxI3Po2a6Dmt3,5ZDMMKWtI1lNtfODBZAwRX,1.0
5ZDMMKWtI1lNtfODBZAwRX,40n379BQPAUi6G6bV3kDoO,1.0
40n379BQPAUi6G6bV3kDoO,1k91Bhe2OYn0osSD6mMay2,1.0
6q0lrF6DdRjXohjaWOhBv8,7N1Vjtzr1lmmCW9iasQ8YO,1.0
